UniqueID;CICLO;ANIO;SEMESTRE;EDAD;SEXO;PROVINCIA;TIPOCOLEGIO;COLEEXC;COLPRE;COLPRIV;EXADMISION;ESCALA;MODALIDAD;DISTRITO;PROVINCIA;DEPARTAMENTO;DISTANCIA;FILOSOFIA;ACTIVIDADES;LENGUAJE;REALIDADNACIONAL;METODOSDEESTUDIO;INTRODUCCIONINGENIERIA;GEOMETRIAANALITICA;MATEMATICADISCRETA;APROBADO
1;20101;2010;1;17;1;1;ESTATAL;0;0;0;0.182;13;CONCURSO ORDINARIO DE ADMISION;PISCO;PISCO;ICA;11;13;13;12;12;12;11;11;12;1
2;20101;2010;1;16;1;1;ESTATAL;0;0;0;0.13;13;CONCURSO ORDINARIO DE ADMISION;MIRAFLORES;LIMA;LIMA;9.555;5;4;5;9;3;5;3;4;0
3;20101;2010;1;18;1;0;PRE-UNIVERSITARIO;0;1;1;0.415;13;CONCURSO ORDINARIO DE ADMISION;VILLA MARIA DEL TRIUNFO;LIMA;LIMA;13.186;13;15;12;11;12;11;16;14;1
5;20101;2010;1;18;1;0;PRIVADO;0;0;1;0.264;15;CONCURSO ORDINARIO DE ADMISION;LA VICTORIA;LIMA;LIMA;9.497;12;11;12;13;15;12;15;16;1
6;20101;2010;1;19;1;0;ESTATAL;0;0;0;0.3;13;CONCURSO ORDINARIO DE ADMISION;LINCE;LIMA;LIMA;14.33;14;11;11;12;11;10;7;10;0
7;20101;2010;1;16;1;0;PRE-UNIVERSITARIO;1;1;1;0.315;14;CONCURSO ORDINARIO DE ADMISION;ATE;LIMA;LIMA;3.432;12;14;7;12;8;8;6;6;0
8;20101;2010;1;18;1;0;PRE-UNIVERSITARIO;1;1;1;0.407;15;CONCURSO ORDINARIO DE ADMISION;VILLA EL SALVADOR;LIMA;LIMA;16.049;7;0;10;6;5;2;7;7;0
9;20101;2010;1;22;1;0;PRIVADO;0;0;1;0.413;15;CONCURSO ORDINARIO DE ADMISION;SAN JUAN DE LURIGANCHO;LIMA;LIMA;13.553;15;16;11;14;14;13;11;11;1
10;20101;2010;1;17;1;1;ESTATAL;0;0;0;0.376;15;CONCURSO ORDINARIO DE ADMISION;SANTA ANITA;LIMA;LIMA;4.245;16;14;15;14;14;13;14;15;1
11;20101;2010;1;17;1;0;ESTATAL;0;0;0;0.264;14;CONCURSO ORDINARIO DE ADMISION;ATE;LIMA;LIMA;9.685;11;14;11;10;9;11;5;6;0
12;20101;2010;1;18;1;0;ESTATAL;0;0;0;0.167;14;CONCURSO ORDINARIO DE ADMISION;CIENEGUILLA;LIMA;LIMA;7.481;13;17;12;15;15;12;2;5;0
13;20101;2010;1;17;1;1;PRIVADO;0;0;1;0.253;14;CONCURSO ORDINARIO DE ADMISION;CHANCAY;HUARAL;LIMA;11;15;14;15;13;13;12;11;13;1
14;20101;2010;1;17;1;0;ESTATAL;0;0;0;0.324;15;CONCURSO ORDINARIO DE ADMISION;CALLAO;CALLAO;CALLAO;20;14;11;13;11;13;12;10;12;0
15;20101;2010;1;18;1;0;ESTATAL;0;0;0;0.31;14;CONCURSO ORDINARIO DE ADMISION;INDEPENDENCIA;LIMA;LIMA;16.909;8;11;0;11;13;11;7;11;0
16;20101;2010;1;17;1;0;PRIVADO;0;0;1;0.193;15;CONCURSO ORDINARIO DE ADMISION;LA MOLINA;LIMA;LIMA;1.222;14;9;6;10;10;11;2;5;0
17;20101;2010;1;17;1;0;PRE-UNIVERSITARIO;1;1;1;0.288;15;CONCURSO ORDINARIO DE ADMISION;VILLA EL SALVADOR;LIMA;LIMA;16.354;13;12;11;10;11;9;10;11;0
18;20101;2010;1;16;1;0;PRIVADO RELIGIOSO;0;0;1;0.329;15;CONCURSO ORDINARIO DE ADMISION;SAN JUAN DE LURIGANCHO;LIMA;LIMA;8.721;5;6;5;8;7;6;2;6;0
19;20101;2010;1;17;1;0;ESTATAL;0;0;0;0.081;12;CONCURSO ORDINARIO DE ADMISION;COMAS;LIMA;LIMA;18.137;13;14;13;13;11;11;2;6;0
20;20101;2010;1;26;1;0;PRIVADO;0;0;1;0.559;15;CONCURSO ORDINARIO DE ADMISION;SAN JUAN DE MIRAFLORES;LIMA;LIMA;10.44;18;17;13;16;15;16;19;17;1
21;20101;2010;1;17;1;0;PRIVADO;0;0;1;0.408;15;CONCURSO ORDINARIO DE ADMISION;RIMAC;LIMA;LIMA;11.101;15;16;12;10;13;11;3;6;0
22;20101;2010;1;19;0;0;PRE-UNIVERSITARIO;0;1;1;0.261;14;CONCURSO ORDINARIO DE ADMISION;SANTA ANITA;LIMA;LIMA;4.511;14;8;11;12;11;8;3;5;0
23;20101;2010;1;17;0;1;PRIVADO;0;0;1;0.336;14;CONCURSO ORDINARIO DE ADMISION;LIMA;LIMA;LIMA;8.415;15;16;15;14;13;12;11;13;1
24;20101;2010;1;17;1;0;ESTATAL;0;0;0;0.156;13;CONCURSO ORDINARIO DE ADMISION;LOS OLIVOS;LIMA;LIMA;18.008;7;0;5;11;6;6;3;5;0
25;20101;2010;1;16;1;0;ESTATAL;0;0;0;0.23;13;CONCURSO ORDINARIO DE ADMISION;LA VICTORIA;LIMA;LIMA;5.224;3;0;1;7;4;3;0;0;0
26;20101;2010;1;16;1;0;PRE-UNIVERSITARIO;0;1;1;0.429;15;CONCURSO ORDINARIO DE ADMISION;VILLA MARIA DEL TRIUNFO;LIMA;LIMA;15.362;13;12;13;12;12;11;4;10;0
27;20101;2010;1;18;1;0;ESTATAL;0;0;0;0.371;15;CONCURSO ORDINARIO DE ADMISION;LA PERLA;CALLAO;CALLAO;17.04;16;14;11;11;12;12;16;16;1
28;20101;2010;1;22;1;0;PRIVADO;0;0;1;0.208;14;CONCURSO ORDINARIO DE ADMISION;SAN JUAN DE MIRAFLORES;LIMA;LIMA;10.38;9;11;7;9;10;11;6;8;0
29;20101;2010;1;17;0;0;ESTATAL;0;0;0;0.239;14;CONCURSO ORDINARIO DE ADMISION;SAN MARTIN DE PORRES;LIMA;LIMA;13.119;10;18;13;10;10;9;3;8;0
30;20101;2010;1;23;1;0;ESTATAL;0;0;0;0.253;15;CONCURSO ORDINARIO DE ADMISION;LA VICTORIA;LIMA;LIMA;9.079;11;12;13;11;12;11;2;5;0
31;20101;2010;1;18;1;0;PRE-UNIVERSITARIO;0;1;1;0.414;12;CONCURSO ORDINARIO DE ADMISION;LA MOLINA;LIMA;LIMA;3.58;13;18;12;10;12;12;12;12;0
32;20101;2010;1;16;1;0;PRE-UNIVERSITARIO;0;1;1;0.18;14;CONCURSO ORDINARIO DE ADMISION;VENTANILLA;CALLAO;CALLAO;29.473;13;0;10;11;11;9;6;9;0
33;20101;2010;1;16;1;0;ESTATAL;0;0;0;0.291;12;CONCURSO ORDINARIO DE ADMISION;LOS OLIVOS;LIMA;LIMA;19.324;11;13;11;10;11;10;6;10;0
34;20101;2010;1;17;1;0;ESTATAL;0;0;0;0.496;14;CONCURSO ORDINARIO DE ADMISION;LIMA;LIMA;LIMA;9.153;17;16;14;14;14;11;11;15;1
36;20101;2010;1;17;1;0;ESTATAL;0;0;0;0.243;15;CONCURSO ORDINARIO DE ADMISION;SAN JUAN DE LURIGANCHO;LIMA;LIMA;15.046;12;12;11;10;10;11;3;4;0
37;20101;2010;1;16;1;0;ESTATAL;0;0;0;0.184;14;CONCURSO ORDINARIO DE ADMISION;LA VICTORIA;LIMA;LIMA;8.346;15;17;13;11;12;13;15;14;1
38;20101;2010;1;20;1;0;ESTATAL;0;0;0;0.267;15;CONCURSO ORDINARIO DE ADMISION;LA VICTORIA;LIMA;LIMA;8.167;14;0;2;9;8;11;11;10;0
39;20101;2010;1;17;1;0;ESTATAL;0;0;0;0.15;13;CONCURSO ORDINARIO DE ADMISION;SURQUILLO;LIMA;LIMA;9.884;10;12;4;8;5;7;2;2;0
40;20101;2010;1;17;1;0;ESTATAL;0;0;0;0.35;14;CONCURSO ORDINARIO DE ADMISION;BARRANCO;LIMA;LIMA;11.912;14;13;12;14;13;14;12;15;1
41;20101;2010;1;20;0;0;PRE-UNIVERSITARIO;0;1;1;0.182;14;CONCURSO ORDINARIO DE ADMISION;SAN JUAN DE MIRAFLORES;LIMA;LIMA;12.87;12;13;8;9;8;9;2;4;0
42;20101;2010;1;17;1;0;PRE-UNIVERSITARIO;0;1;1;0.401;14;CONCURSO ORDINARIO DE ADMISION;CHORRILLOS;LIMA;LIMA;14.372;8;3;6;6;3;6;4;5;0
43;20101;2010;1;19;1;0;ESTATAL;0;0;0;0.562;14;CONCURSO ORDINARIO DE ADMISION;CARABAYLLO;LIMA;LIMA;23.438;19;13;16;15;18;16;18;16;1
45;20101;2010;1;17;0;0;ESTATAL;0;0;0;0.256;14;CONCURSO ORDINARIO DE ADMISION;ATE;LIMA;LIMA;7.632;12;14;11;10;9;11;7;8;0
46;20101;2010;1;20;1;0;PRIVADO;0;0;1;0.313;16;CONCURSO ORDINARIO DE ADMISION;SAN JUAN DE LURIGANCHO;LIMA;LIMA;10.666;13;14;13;14;12;11;13;13;1
47;20101;2010;1;19;1;0;PRIVADO;0;0;1;0.133;15;CONCURSO ORDINARIO DE ADMISION;SAN MIGUEL;LIMA;LIMA;16.959;4;0;2;3;5;1;0;1;0
48;20101;2010;1;16;1;0;ESTATAL;0;0;0;0.222;15;CONCURSO ORDINARIO DE ADMISION;ATE;LIMA;LIMA;6.241;6;8;8;9;4;9;1;2;0
49;20101;2010;1;17;1;0;ESTATAL;0;0;0;0.22;14;CONCURSO ORDINARIO DE ADMISION;LA MOLINA;LIMA;LIMA;4.301;11;9;4;7;2;7;0;2;0
50;20101;2010;1;16;1;0;ESTATAL;0;0;0;0.367;14;CONCURSO ORDINARIO DE ADMISION;SAN MARTIN DE PORRES;LIMA;LIMA;20.781;13;17;13;13;13;10;9;12;0
52;20101;2010;1;18;1;0;PRIVADO;0;0;1;0.464;13;CONCURSO ORDINARIO DE ADMISION;LA MOLINA;LIMA;LIMA;3.58;15;14;12;12;15;12;7;10;0
54;20101;2010;1;17;1;0;PRE-UNIVERSITARIO;0;1;1;0.256;14;CONCURSO ORDINARIO DE ADMISION;SANTIAGO DE SURCO;LIMA;LIMA;11.988;10;-1;8;11;9;10;1;1;0
55;20101;2010;1;20;1;0;PRIVADO;0;0;1;0.302;11;CONCURSO ORDINARIO DE ADMISION;CHORRILLOS;LIMA;LIMA;12.621;13;16;11;14;13;12;6;8;0
56;20101;2010;1;18;1;0;ESTATAL;0;0;0;0.355;13;CONCURSO ORDINARIO DE ADMISION;SANTIAGO DE SURCO;LIMA;LIMA;10.192;12;0;12;6;9;13;12;12;0
57;20101;2010;1;16;1;0;PRE-UNIVERSITARIO;0;1;1;0.242;14;CONCURSO ORDINARIO DE ADMISION;ATE;LIMA;LIMA;9.685;14;12;8;13;10;8;3;6;0
58;20101;2010;1;19;1;0;ESTATAL;0;0;0;0.314;14;CONCURSO ORDINARIO DE ADMISION;SAN MIGUEL;LIMA;LIMA;16.833;13;13;7;7;6;8;3;8;0
59;20101;2010;1;16;1;0;ESTATAL;0;0;0;0.184;14;CONCURSO ORDINARIO DE ADMISION;LIMA;LIMA;LIMA;11.819;9;12;8;9;8;9;1;6;0
60;20101;2010;1;16;1;0;PRIVADO;0;0;1;0.369;14;CONCURSO ORDINARIO DE ADMISION;SAN JUAN DE LURIGANCHO;LIMA;LIMA;8.721;15;15;10;14;12;13;9;10;0
61;20101;2010;1;18;0;0;PRE-UNIVERSITARIO;0;1;1;0.326;14;CONCURSO ORDINARIO DE ADMISION;SANTA ANITA;LIMA;LIMA;4.641;14;16;12;12;11;11;11;11;1
64;20101;2010;1;18;1;0;PRIVADO;0;0;1;0.286;15;CONCURSO ORDINARIO DE ADMISION;SAN JUAN DE LURIGANCHO;LIMA;LIMA;9.141;13;14;9;10;8;11;2;5;0
65;20101;2010;1;16;1;0;ESTATAL;0;0;0;0.305;13;CONCURSO ORDINARIO DE ADMISION;SAN BORJA;LIMA;LIMA;6.002;14;12;9;11;7;13;10;10;0
66;20101;2010;1;16;1;0;ESTATAL;0;0;0;0.306;15;CONCURSO ORDINARIO DE ADMISION;LA MOLINA;LIMA;LIMA;3.166;13;14;9;9;12;10;8;11;0
67;20101;2010;1;20;1;0;ESTATAL;0;0;0;0.394;14;CONCURSO ORDINARIO DE ADMISION;ATE;LIMA;LIMA;6.655;14;13;12;12;14;12;13;16;1
69;20101;2010;1;19;1;0;ESTATAL;0;0;0;0.474;15;CONCURSO ORDINARIO DE ADMISION;ATE;LIMA;LIMA;4.443;14;13;14;12;13;11;17;18;1
70;20101;2010;1;18;1;0;ESTATAL;0;0;0;0.274;12;CONCURSO ORDINARIO DE ADMISION;ATE;LIMA;LIMA;2.064;5;0;2;4;0;4;0;1;0
71;20101;2010;1;17;1;0;PRIVADO;0;0;1;0.379;15;CONCURSO ORDINARIO DE ADMISION;SAN JUAN DE LURIGANCHO;LIMA;LIMA;8.292;15;15;12;14;13;12;13;13;1
73;20101;2010;1;19;1;1;PRIVADO;1;0;1;0.266;15;CONCURSO ORDINARIO DE ADMISION;SANTA ANITA;LIMA;LIMA;4.647;11;14;12;10;12;11;11;11;0
74;20101;2010;1;19;0;1;ESTATAL;0;0;0;0.248;12;CONCURSO ORDINARIO DE ADMISION;JESUS MARIA;LIMA;LIMA;11.714;8;8;11;9;6;6;4;4;0
75;20101;2010;1;16;1;0;ESTATAL;0;0;0;0.302;14;CONCURSO ORDINARIO DE ADMISION;SAN BORJA;LIMA;LIMA;6.641;16;12;13;14;14;13;5;9;0
76;20101;2010;1;18;1;0;ESTATAL;0;0;0;0.315;15;CONCURSO ORDINARIO DE ADMISION;VENTANILLA;CALLAO;CALLAO;31.256;9;14;8;11;5;7;4;6;0
77;20101;2010;1;20;1;0;ESTATAL;0;0;0;0.386;15;CONCURSO ORDINARIO DE ADMISION;LA VICTORIA;LIMA;LIMA;9.079;13;16;16;12;10;13;9;13;0
78;20101;2010;1;16;1;0;ESTATAL;0;0;0;0.194;13;CONCURSO ORDINARIO DE ADMISION;SANTIAGO DE SURCO;LIMA;LIMA;8.717;14;14;12;13;11;10;6;8;0
79;20101;2010;1;21;1;0;ESTATAL;0;0;0;0.209;10;CONCURSO ORDINARIO DE ADMISION;LOS OLIVOS;LIMA;LIMA;17.308;0;0;4;7;4;1;0;2;0
80;20101;2010;1;17;1;0;PRIVADO;0;0;1;0.297;15;CONCURSO ORDINARIO DE ADMISION;SAN MARTIN DE PORRES;LIMA;LIMA;10.427;6;0;7;9;7;8;2;5;0
81;20101;2010;1;20;1;0;PRIVADO;0;0;1;0.239;14;CONCURSO ORDINARIO DE ADMISION;SAN JUAN DE LURIGANCHO;LIMA;LIMA;10.327;13;12;12;11;5;12;2;10;0
82;20101;2010;1;20;1;0;PRIVADO;0;0;1;0.338;15;CONCURSO ORDINARIO DE ADMISION;LIMA;LIMA;LIMA;12.963;14;14;13;13;12;12;1;4;0
83;20101;2010;1;16;1;0;ESTATAL;0;0;0;0.151;14;CONCURSO ORDINARIO DE ADMISION;COMAS;LIMA;LIMA;19.704;11;12;7;9;8;8;4;5;0
84;20101;2010;1;16;0;0;PRIVADO;0;0;1;0.249;15;CONCURSO ORDINARIO DE ADMISION;SAN JUAN DE LURIGANCHO;LIMA;LIMA;10.646;14;12;13;12;12;12;4;6;0
85;20101;2010;1;19;1;0;ESTATAL;0;0;0;0.256;14;CONCURSO ORDINARIO DE ADMISION;SANTA ANITA;LIMA;LIMA;4.641;6;8;6;10;5;6;6;7;0
86;20101;2010;1;20;1;0;ESTATAL;0;0;0;0.285;15;CONCURSO ORDINARIO DE ADMISION;SANTA ANITA;LIMA;LIMA;4.315;10;13;9;9;6;7;0;1;0
87;20101;2010;1;18;0;0;ESTATAL;0;0;0;0.317;15;CONCURSO ORDINARIO DE ADMISION;SAN LUIS;LIMA;LIMA;5.129;15;17;16;13;12;12;12;12;1
88;20101;2010;1;16;1;0;ESTATAL;0;0;0;0.284;14;CONCURSO ORDINARIO DE ADMISION;BREÑA;LIMA;LIMA;12.117;14;14;13;12;11;10;5;8;0
89;20101;2010;1;29;1;0;PRIVADO;0;0;1;0.241;14;CONCURSO ORDINARIO DE ADMISION;CARABAYLLO;LIMA;LIMA;23.205;11;0;6;7;4;11;2;3;0
91;20101;2010;1;18;0;0;ESTATAL;0;0;0;0.283;15;CONCURSO ORDINARIO DE ADMISION;LA MOLINA;LIMA;LIMA;0.862;13;11;14;13;11;12;7;11;0
93;20101;2010;1;18;1;0;PRIVADO;0;0;1;0.284;13;CONCURSO ORDINARIO DE ADMISION;CHORRILLOS;LIMA;LIMA;17.003;12;11;13;12;12;11;8;12;0
94;20101;2010;1;20;0;0;PRIVADO;0;0;1;0.217;15;CONCURSO ORDINARIO DE ADMISION;VILLA EL SALVADOR;LIMA;LIMA;16.049;15;5;12;14;7;11;6;11;0
95;20101;2010;1;16;1;0;PRE-UNIVERSITARIO;0;1;1;0.34;13;CONCURSO ORDINARIO DE ADMISION;SAN BORJA;LIMA;LIMA;5.214;17;16;11;12;11;12;16;14;1
97;20101;2010;1;17;1;1;ESTATAL;0;0;0;0.332;13;CONCURSO ORDINARIO DE ADMISION;LIMA;LIMA;LIMA;12.257;11;11;11;15;9;13;1;5;0
98;20101;2010;1;17;1;0;PRE-UNIVERSITARIO;0;1;1;0.347;15;CONCURSO ORDINARIO DE ADMISION;MAGDALENA DEL MAR;LIMA;LIMA;13.992;13;0;9;10;9;8;3;4;0
101;20101;2010;1;17;1;0;PRE-UNIVERSITARIO;1;1;1;0.191;14;CONCURSO ORDINARIO DE ADMISION;VILLA EL SALVADOR;LIMA;LIMA;16.049;11;14;6;8;6;5;1;5;0
102;20101;2010;1;19;1;0;PRE-UNIVERSITARIO;0;1;1;0.319;14;CONCURSO ORDINARIO DE ADMISION;EL AGUSTINO;LIMA;LIMA;7.285;13;16;12;12;11;11;12;11;1
103;20101;2010;1;16;0;0;PRIVADO;1;0;1;0.327;15;CONCURSO ORDINARIO DE ADMISION;EL AGUSTINO;LIMA;LIMA;6.258;13;12;14;11;14;11;2;9;0
104;20101;2010;1;17;1;0;ESTATAL;0;0;0;0.389;13;CONCURSO ORDINARIO DE ADMISION;SAN MARTIN DE PORRES;LIMA;LIMA;18.941;14;16;14;15;11;11;13;13;1
105;20101;2010;1;17;1;0;PRIVADO;0;0;1;0.433;14;CONCURSO ORDINARIO DE ADMISION;BREÑA;LIMA;LIMA;12.138;15;15;10;11;13;12;13;16;0
106;20101;2010;1;16;0;0;PRE-UNIVERSITARIO;0;1;1;0.365;13;CONCURSO ORDINARIO DE ADMISION;EL AGUSTINO;LIMA;LIMA;7.491;14;12;13;12;11;11;7;6;0
107;20101;2010;1;21;0;0;ESTATAL;0;0;0;0.278;14;CONCURSO ORDINARIO DE ADMISION;LIMA;LIMA;LIMA;9.536;7;15;7;5;6;6;2;2;0
108;20101;2010;1;17;1;0;ESTATAL;0;0;0;0.336;14;CONCURSO ORDINARIO DE ADMISION;ATE;LIMA;LIMA;2.231;7;5;5;8;3;3;0;1;0
109;20101;2010;1;18;1;0;ESTATAL;0;0;0;0.254;14;CONCURSO ORDINARIO DE ADMISION;LA VICTORIA;LIMA;LIMA;8.643;10;13;11;10;2;7;6;4;0
110;20101;2010;1;19;1;0;ESTATAL;0;0;0;0.209;14;CONCURSO ORDINARIO DE ADMISION;LA VICTORIA;LIMA;LIMA;7.749;11;11;6;11;8;9;2;4;0
111;20101;2010;1;15;0;0;PRIVADO;0;0;1;0.222;13;CONCURSO ORDINARIO DE ADMISION;CALLAO;CALLAO;CALLAO;18.484;13;14;14;12;11;11;4;8;0
112;20101;2010;1;17;1;0;PRE-UNIVERSITARIO;0;1;1;0.512;15;CONCURSO ORDINARIO DE ADMISION;SAN MARTIN DE PORRES;LIMA;LIMA;13.982;13;0;11;13;12;11;13;12;0
113;20101;2010;1;17;1;0;ESTATAL;0;0;0;0.278;15;CONCURSO ORDINARIO DE ADMISION;LIMA;LIMA;LIMA;11.398;13;13;12;13;10;11;12;13;0
115;20101;2010;1;18;1;0;ESTATAL;0;0;0;0.205;14;CONCURSO ORDINARIO DE ADMISION;PUEBLO LIBRE;LIMA;LIMA;13.093;6;0;12;5;7;7;1;3;0
116;20101;2010;1;18;1;0;ESTATAL;0;0;0;0.202;14;CONCURSO ORDINARIO DE ADMISION;CHACLACAYO;LIMA;LIMA;15.817;8;14;4;9;3;8;2;1;0
118;20101;2010;1;18;1;0;PRE-UNIVERSITARIO;0;1;1;0.394;15;CONCURSO ORDINARIO DE ADMISION;SAN JUAN DE LURIGANCHO;LIMA;LIMA;6.51;15;12;12;13;13;12;15;13;0
119;20101;2010;1;17;1;0;ESTATAL;0;0;0;0.305;14;CONCURSO ORDINARIO DE ADMISION;LOS OLIVOS;LIMA;LIMA;16.461;12;13;15;15;14;12;10;12;0
120;20101;2010;1;18;1;1;NA;0;0;0;0.3598;14;EXONERADO CENTRO PREUNIVERSITARIO;CHORRILLOS;LIMA;LIMA;9.488;12;16;14;11;12;12;2;9;0
121;20101;2010;1;17;1;1;NA;0;0;0;0.3138;14;EXONERADO CENTRO PREUNIVERSITARIO;SANTIAGO DE SURCO;LIMA;LIMA;11.924;9;11;6;10;10;8;7;7;0
122;20101;2010;1;21;1;1;NA;0;0;0;0.3098;13;EXONERADO CENTRO PREUNIVERSITARIO;LA VICTORIA;LIMA;LIMA;8.887;15;14;13;10;10;11;5;5;0
123;20101;2010;1;18;1;1;NA;0;0;0;0.4417;14;EXONERADO CENTRO PREUNIVERSITARIO;MIRAFLORES;LIMA;LIMA;11.196;15;16;12;11;8;13;12;10;0
124;20101;2010;1;19;1;1;NA;0;0;0;0.2902;14;EXONERADO CENTRO PREUNIVERSITARIO;MAGDALENA DEL MAR;LIMA;LIMA;13.603;11;17;8;10;4;9;9;11;0
126;20101;2010;1;15;1;1;NA;0;0;0;0;15;EXONERADO POR CONVENIO DE EXCELENCIA;SANTA ANITA;LIMA;LIMA;3.151;13;18;16;14;14;14;10;14;0
128;20101;2010;1;17;1;1;NA;0;0;0;0.4143;14;EXONERADO POR CONVENIO DE EXCELENCIA;SANTA ANITA;LIMA;LIMA;3.485;12;12;10;13;10;9;3;10;0
129;20101;2010;1;17;1;0;ESTATAL;0;0;0;0.9386;15;EXONERADO POR PRIMERA ALTERNATIVA;MAGDALENA DEL MAR;LIMA;LIMA;14.334;16;13;17;13;17;14;8;12;0
133;20101;2010;1;16;1;0;PRIVADO;0;0;1;0.0707;14;EXONERADO POR PRIMERA ALTERNATIVA;SAN LUIS;LIMA;LIMA;5.718;13;8;10;10;10;9;4;9;0
134;20101;2010;1;16;1;0;ESTATAL;0;0;0;0.7914;12;EXONERADO POR PRIMERA ALTERNATIVA;LA MOLINA;LIMA;LIMA;3.902;12;11;8;13;7;11;1;7;0
135;20101;2010;1;17;1;0;ESTATAL;0;0;0;0.105;14;EXONERADO POR PRIMERA ALTERNATIVA;LIMA;LIMA;LIMA;14.148;18;16;16;16;16;15;20;20;1
136;20101;2010;1;17;0;1;ESTATAL;0;0;0;0.9543;11;EXONERADO POR PRIMERA ALTERNATIVA;LA VICTORIA;LIMA;LIMA;8.038;15;17;12;13;14;11;11;16;1
137;20101;2010;1;17;1;0;ESTATAL;1;0;0;0.0936;14;EXONERADO POR PRIMERA ALTERNATIVA;SAN BORJA;LIMA;LIMA;6.002;15;15;14;14;14;13;17;18;1
140;20101;2010;1;17;1;0;ESTATAL;0;0;0;0.0657;15;EXONERADO POR PRIMERA ALTERNATIVA;BREÑA;LIMA;LIMA;11.868;13;14;13;12;11;10;2;6;0
141;20101;2010;1;16;1;0;ESTATAL;0;0;0;0.0707;15;EXONERADO POR PRIMERA ALTERNATIVA;SAN JUAN DE MIRAFLORES;LIMA;LIMA;10.698;12;15;11;10;11;12;8;9;0
142;20101;2010;1;16;1;0;ESTATAL;0;0;0;0.7886;13;EXONERADO POR PRIMERA ALTERNATIVA;LA PERLA;CALLAO;CALLAO;17.775;14;15;13;12;13;11;10;13;0
143;20101;2010;1;17;1;0;PRE-UNIVERSITARIO;0;1;1;0.7343;15;EXONERADO POR PRIMERA ALTERNATIVA;VILLA MARIA DEL TRIUNFO;LIMA;LIMA;11.271;10;13;5;1;4;6;4;9;0
144;20101;2010;1;16;1;0;PRE-UNIVERSITARIO;0;1;1;0.7314;13;EXONERADO POR PRIMERA ALTERNATIVA;SAN MARTIN DE PORRES;LIMA;LIMA;16.242;12;14;12;12;12;10;9;8;0
145;20101;2010;1;16;0;0;PRIVADO;0;0;1;0.765;15;EXONERADO POR PRIMERA ALTERNATIVA;LA MOLINA;LIMA;LIMA;6.083;14;12;12;11;13;11;1;8;0
146;20101;2010;1;16;0;0;PRE-UNIVERSITARIO;0;1;1;0.8793;13;EXONERADO POR PRIMERA ALTERNATIVA;JESUS MARIA;LIMA;LIMA;12.373;15;14;12;13;12;10;7;7;0
147;20101;2010;1;17;1;1;ESTATAL;0;0;0;0.7379;14;EXONERADO POR PRIMERA ALTERNATIVA;CHINCHA ALTA;CHINCHA;ICA;11;15;13;13;11;13;9;4;8;0
149;20101;2010;1;16;1;0;ESTATAL;0;0;0;0.0907;14;EXONERADO POR PRIMERA ALTERNATIVA;LA MOLINA;LIMA;LIMA;1.074;17;14;13;14;14;13;16;16;1
150;20101;2010;1;16;1;1;PRIVADO;0;0;1;0.7279;15;EXONERADO POR PRIMERA ALTERNATIVA;LOS OLIVOS;LIMA;LIMA;18.829;13;14;11;11;12;10;5;12;0
151;20101;2010;1;17;1;0;ESTATAL;0;0;0;0.9736;14;EXONERADO POR PRIMERA ALTERNATIVA;BELLAVISTA;CALLAO;CALLAO;16.725;16;11;14;12;15;12;13;14;1
152;20101;2010;1;15;1;0;ESTATAL;0;0;0;0.8879;15;EXONERADO POR PRIMERA ALTERNATIVA;LA VICTORIA;LIMA;LIMA;7.749;14;17;12;12;12;11;8;11;0
153;20101;2010;1;17;0;0;ESTATAL;0;0;0;0.8314;15;EXONERADO POR PRIMERA ALTERNATIVA;SANTIAGO DE SURCO;LIMA;LIMA;7.922;13;12;12;12;13;9;10;11;0
155;20101;2010;1;17;1;0;ESTATAL;0;0;0;0.7029;14;EXONERADO POR PRIMERA ALTERNATIVA;SANTIAGO DE SURCO;LIMA;LIMA;11.732;13;15;12;12;13;12;5;7;0
156;20101;2010;1;16;1;0;ESTATAL;1;0;0;0.5936;12;EXONERADO POR PRIMERA ALTERNATIVA;LA MOLINA;LIMA;LIMA;4.01;14;8;9;10;9;8;6;5;0
157;20101;2010;1;16;1;0;ESTATAL;0;0;0;0.7529;14;EXONERADO POR PRIMERA ALTERNATIVA;CARMEN DE LA LEGUA REYNOSO;CALLAO;CALLAO;16.268;12;0;6;12;7;7;4;7;0
158;20101;2010;1;17;0;0;PRIVADO;0;0;1;0.0743;15;EXONERADO POR PRIMERA ALTERNATIVA;VILLA MARIA DEL TRIUNFO;LIMA;LIMA;9.752;15;15;11;10;10;9;4;6;0
159;20101;2010;1;17;1;0;PRIVADO;0;0;1;0.7514;14;EXONERADO POR PRIMERA ALTERNATIVA;ATE;LIMA;LIMA;2.267;14;0;11;12;10;9;7;10;0
160;20101;2010;1;16;1;0;PRE-UNIVERSITARIO;0;1;1;0.59;15;EXONERADO POR PRIMERA ALTERNATIVA;COMAS;LIMA;LIMA;17.11;13;18;9;10;8;9;4;9;0
161;20101;2010;1;16;0;0;ESTATAL;0;0;0;0.8614;14;EXONERADO POR PRIMERA ALTERNATIVA;SAN BORJA;LIMA;LIMA;7.557;16;16;13;12;14;11;12;13;1
163;20101;2010;1;17;1;0;ESTATAL;0;0;0;0.6379;14;EXONERADO POR PRIMERA ALTERNATIVA;SANTIAGO DE SURCO;LIMA;LIMA;9.742;10;1;4;5;7;7;1;2;0
164;20101;2010;1;16;0;0;PRE-UNIVERSITARIO;0;1;1;0.6186;14;EXONERADO POR PRIMERA ALTERNATIVA;CALLAO;CALLAO;CALLAO;18.458;13;13;13;11;10;11;3;7;0
165;20101;2010;1;16;1;0;PRE-UNIVERSITARIO;0;1;1;0.8821;14;EXONERADO POR PRIMERA ALTERNATIVA;LA MOLINA;LIMA;LIMA;2.902;13;13;9;11;9;9;10;10;0
166;20101;2010;1;16;1;0;PRE-UNIVERSITARIO;1;1;1;0.7243;14;EXONERADO POR PRIMERA ALTERNATIVA;SAN LUIS;LIMA;LIMA;5.149;9;0;3;4;5;5;1;4;0
167;20101;2010;1;16;1;0;ESTATAL;0;0;0;0.0679;13;EXONERADO POR PRIMERA ALTERNATIVA;LA MOLINA;LIMA;LIMA;3.137;12;18;8;9;9;9;2;5;0
168;20101;2010;1;16;1;0;PRIVADO RELIGIOSO;0;0;1;0.7371;10;EXONERADO POR PRIMERA ALTERNATIVA;ATE;LIMA;LIMA;3.667;15;15;14;12;15;13;12;13;1
169;20101;2010;1;17;1;0;ESTATAL;0;0;0;0.7471;14;EXONERADO POR PRIMERA ALTERNATIVA;CHACLACAYO;LIMA;LIMA;20.682;15;14;15;11;13;11;7;9;0
170;20101;2010;1;16;1;0;PRIVADO;0;0;1;0.075;15;EXONERADO POR PRIMERA ALTERNATIVA;SAN MARTIN DE PORRES;LIMA;LIMA;19.703;3;0;12;14;6;10;0;1;0
171;20101;2010;1;17;1;0;ESTATAL;0;0;0;0.7007;15;EXONERADO POR PRIMERA ALTERNATIVA;LA MOLINA;LIMA;LIMA;0.647;15;13;14;11;16;12;5;10;0
172;20101;2010;1;16;1;0;ESTATAL;0;0;0;0.8629;15;EXONERADO POR PRIMERA ALTERNATIVA;SAN JUAN DE LURIGANCHO;LIMA;LIMA;13.498;13;17;11;12;12;9;7;11;0
173;20101;2010;1;16;1;0;ESTATAL;0;0;0;0.9021;14;EXONERADO POR PRIMERA ALTERNATIVA;SAN MARTIN DE PORRES;LIMA;LIMA;14.753;16;17;15;13;14;14;12;14;1
174;20101;2010;1;18;1;0;PRE-UNIVERSITARIO;0;1;1;0.5993;13;EXONERADO POR PRIMERA ALTERNATIVA;SAN JUAN DE LURIGANCHO;LIMA;LIMA;10.135;7;0;6;9;5;4;1;1;0
175;20101;2010;1;16;1;0;ESTATAL;0;0;0;0.7993;15;EXONERADO POR PRIMERA ALTERNATIVA;BELLAVISTA;CALLAO;CALLAO;18.504;15;16;16;13;12;13;10;13;0
176;20101;2010;1;17;1;0;ESTATAL;1;0;0;0.5286;13;EXONERADO TERCIO SUPERIOR;SAN BORJA;LIMA;LIMA;5.214;15;16;14;15;14;14;13;15;1
177;20101;2010;1;16;0;0;ESTATAL;0;0;0;0.6386;14;EXONERADO TERCIO SUPERIOR;CHORRILLOS;LIMA;LIMA;16.715;16;15;14;14;12;12;11;15;1
191;20102;2010;2;17;0;1;ESTATAL;0;0;0;0.313;14;CONCURSO ORDINARIO DE ADMISION;SAN JUAN DE LURIGANCHO;LIMA;LIMA;10.549;12;2;12;12;14;11;3;2;0
192;20102;2010;2;18;1;0;PRE-UNIVERSITARIO;0;1;1;0.442;15;CONCURSO ORDINARIO DE ADMISION;EL AGUSTINO;LIMA;LIMA;7.29;11;16;9;11;8;10;8;9;0
193;20102;2010;2;18;1;0;PRIVADO;0;0;1;0.223;15;CONCURSO ORDINARIO DE ADMISION;SAN MARTIN DE PORRES;LIMA;LIMA;13.948;1;10;2;3;2;6;0;0;0
194;20102;2010;2;23;1;0;PRIVADO;0;0;1;0.335;14;CONCURSO ORDINARIO DE ADMISION;SURQUILLO;LIMA;LIMA;9.86;2;0;7;4;4;4;0;0;0
195;20102;2010;2;17;1;0;PRIVADO RELIGIOSO;0;0;1;0.327;15;CONCURSO ORDINARIO DE ADMISION;PACHACAMAC;LIMA;LIMA;9.567;14;16;16;13;14;12;11;12;1
196;20102;2010;2;17;1;0;PRIVADO;0;0;1;0.192;15;CONCURSO ORDINARIO DE ADMISION;ATE;LIMA;LIMA;7.822;13;-1;9;8;8;11;0;0;0
197;20102;2010;2;24;0;0;ESTATAL;0;0;0;0.284;14;CONCURSO ORDINARIO DE ADMISION;BELLAVISTA;CALLAO;CALLAO;17.976;8;1;9;8;10;8;-1;1;0
198;20102;2010;2;18;1;0;PRIVADO RELIGIOSO;0;0;1;0.281;10;CONCURSO ORDINARIO DE ADMISION;LLAMA;MARISCAL LUZURIAGA;ANCASH;11;12;12;11;11;11;11;4;1;0
199;20102;2010;2;18;1;0;PRIVADO;0;0;1;0.429;13;CONCURSO ORDINARIO DE ADMISION;CALLAO;CALLAO;CALLAO;18.422;9;-1;4;11;3;3;5;3;0
200;20102;2010;2;21;1;0;ESTATAL;0;0;0;0.315;15;CONCURSO ORDINARIO DE ADMISION;ATE;LIMA;LIMA;3.944;14;12;11;14;10;12;5;3;0
201;20102;2010;2;18;1;0;PRIVADO;1;0;1;0.347;15;CONCURSO ORDINARIO DE ADMISION;SURQUILLO;LIMA;LIMA;7.616;0;0;2;1;4;8;2;1;0
202;20102;2010;2;18;1;0;PRIVADO;0;0;1;0.26;14;CONCURSO ORDINARIO DE ADMISION;MAGDALENA DEL MAR;LIMA;LIMA;14.144;14;0;14;12;7;9;4;4;0
203;20102;2010;2;18;0;0;PRIVADO;0;0;1;0.373;13;CONCURSO ORDINARIO DE ADMISION;ATE;LIMA;LIMA;4.337;15;18;15;11;12;13;14;9;0
205;20102;2010;2;19;1;0;ESTATAL;0;0;0;0.509;13;CONCURSO ORDINARIO DE ADMISION;VILLA MARIA DEL TRIUNFO;LIMA;LIMA;10.612;16;16;16;13;12;14;16;14;1
206;20102;2010;2;19;1;1;ESTATAL;0;0;0;0.295;14;CONCURSO ORDINARIO DE ADMISION;LIMA;LIMA;LIMA;9.433;13;0;9;12;9;12;5;8;0
207;20102;2010;2;19;1;0;PRIVADO;0;0;1;0.27;14;CONCURSO ORDINARIO DE ADMISION;RIMAC;LIMA;LIMA;10.334;11;18;3;11;10;9;8;2;0
208;20102;2010;2;17;1;0;PRIVADO;0;0;1;0.331;14;CONCURSO ORDINARIO DE ADMISION;LA VICTORIA;LIMA;LIMA;7.268;11;7;3;12;8;11;10;8;0
210;20102;2010;2;17;1;0;PRIVADO;0;0;1;0.39;14;CONCURSO ORDINARIO DE ADMISION;SAN JUAN DE LURIGANCHO;LIMA;LIMA;10.491;12;0;11;9;8;10;7;5;0
211;20102;2010;2;19;1;0;PRIVADO RELIGIOSO;0;0;1;0.241;13;CONCURSO ORDINARIO DE ADMISION;SAN JUAN DE LURIGANCHO;LIMA;LIMA;11.039;13;0;14;13;10;12;9;2;0
212;20102;2010;2;17;1;0;PRE-UNIVERSITARIO;1;1;1;0.193;13;CONCURSO ORDINARIO DE ADMISION;EL AGUSTINO;LIMA;LIMA;6.966;11;11;10;12;8;11;4;3;0
214;20102;2010;2;16;0;0;PRIVADO;0;0;1;0.177;14;CONCURSO ORDINARIO DE ADMISION;SAN JUAN DE LURIGANCHO;LIMA;LIMA;8.989;12;12;7;11;8;11;1;1;0
216;20102;2010;2;18;0;0;PRE-UNIVERSITARIO;0;1;1;0.377;15;CONCURSO ORDINARIO DE ADMISION;SANTA ANITA;LIMA;LIMA;4.503;13;14;11;11;10;13;11;11;0
217;20102;2010;2;16;0;0;PRIVADO;0;0;1;0.284;15;CONCURSO ORDINARIO DE ADMISION;SAN JUAN DE LURIGANCHO;LIMA;LIMA;14.464;15;13;7;13;12;11;8;6;0
218;20102;2010;2;18;1;0;PRE-UNIVERSITARIO;1;1;1;0.417;13;CONCURSO ORDINARIO DE ADMISION;LA VICTORIA;LIMA;LIMA;8.799;8;0;5;11;6;7;0;0;0
219;20102;2010;2;17;1;0;PRIVADO RELIGIOSO;0;0;1;0.254;14;CONCURSO ORDINARIO DE ADMISION;SAN JUAN DE LURIGANCHO;LIMA;LIMA;8.721;0;6;1;3;1;0;0;0;0
220;20102;2010;2;17;1;0;PRIVADO;0;0;1;0.261;14;CONCURSO ORDINARIO DE ADMISION;SANTA ANITA;LIMA;LIMA;4.1;10;9;7;12;5;10;2;1;0
221;20102;2010;2;18;1;0;PRIVADO;0;0;1;0.276;16;CONCURSO ORDINARIO DE ADMISION;SANTA ANITA;LIMA;LIMA;3.197;0;0;0;1;2;3;1;1;0
223;20102;2010;2;18;1;0;ESTATAL;0;0;0;0.264;14;CONCURSO ORDINARIO DE ADMISION;ATE;LIMA;LIMA;5.886;11;13;5;10;9;10;5;5;0
225;20102;2010;2;20;1;0;PRIVADO RELIGIOSO;1;0;1;0.256;13;CONCURSO ORDINARIO DE ADMISION;ATE;LIMA;LIMA;2.118;8;16;5;8;3;5;3;0;0
226;20102;2010;2;16;1;0;PRE-UNIVERSITARIO;0;1;1;0.444;15;CONCURSO ORDINARIO DE ADMISION;SAN MARTIN DE PORRES;LIMA;LIMA;16.285;12;14;3;12;2;13;11;11;0
227;20102;2010;2;18;0;0;PRIVADO;0;0;1;0.398;14;CONCURSO ORDINARIO DE ADMISION;SAN JUAN DE LURIGANCHO;LIMA;LIMA;16.242;15;12;17;13;13;15;17;15;1
228;20102;2010;2;17;1;1;ESTATAL;0;0;0;0.251;15;CONCURSO ORDINARIO DE ADMISION;SAN VICENTE DE CAÑETE;CAÑETE;LIMA;11;12;9;14;12;12;13;1;3;0
229;20102;2010;2;16;1;0;PRE-UNIVERSITARIO;1;1;1;0.3;13;CONCURSO ORDINARIO DE ADMISION;MIRAFLORES;LIMA;LIMA;11.485;12;13;9;12;9;10;4;3;0
230;20102;2010;2;17;1;0;PRIVADO RELIGIOSO;1;0;1;0.245;15;CONCURSO ORDINARIO DE ADMISION;SAN MARTIN DE PORRES;LIMA;LIMA;15.323;10;0;14;12;11;11;3;2;0
231;20102;2010;2;19;1;0;ESTATAL;0;0;0;0.406;14;CONCURSO ORDINARIO DE ADMISION;SAN JUAN DE LURIGANCHO;LIMA;LIMA;12.289;12;15;11;12;10;12;7;8;0
232;20102;2010;2;25;1;0;ESTATAL;0;0;0;0.163;14;CONCURSO ORDINARIO DE ADMISION;ATE;LIMA;LIMA;4.164;9;12;12;12;10;11;2;1;0
233;20102;2010;2;17;1;1;PRIVADO;0;0;1;0.374;15;CONCURSO ORDINARIO DE ADMISION;LA VICTORIA;LIMA;LIMA;8.425;11;9;9;8;3;9;3;3;0
234;20102;2010;2;17;1;0;ESTATAL;0;0;0;0.4;15;CONCURSO ORDINARIO DE ADMISION;ATE;LIMA;LIMA;4.357;12;14;16;14;13;14;12;11;1
235;20102;2010;2;17;1;0;ESTATAL;0;0;0;0.413;15;CONCURSO ORDINARIO DE ADMISION;EL AGUSTINO;LIMA;LIMA;6.115;14;15;16;13;12;11;15;10;0
236;20102;2010;2;16;1;0;PRIVADO;0;0;1;0.278;13;CONCURSO ORDINARIO DE ADMISION;COMAS;LIMA;LIMA;17.134;8;0;6;7;5;2;1;3;0
237;20102;2010;2;17;1;0;ESTATAL MILITAR;0;0;0;0.318;15;CONCURSO ORDINARIO DE ADMISION;LIMA;LIMA;LIMA;9.124;13;11;13;12;11;12;9;8;0
238;20102;2010;2;17;1;0;PRIVADO RELIGIOSO;1;0;1;0.353;14;CONCURSO ORDINARIO DE ADMISION;ATE;LIMA;LIMA;1.647;13;13;16;12;14;13;11;12;1
239;20102;2010;2;17;1;0;ESTATAL;1;0;0;0.165;15;CONCURSO ORDINARIO DE ADMISION;EL AGUSTINO;LIMA;LIMA;7.269;9;0;12;11;11;9;1;2;0
240;20102;2010;2;18;1;0;PRE-UNIVERSITARIO;0;1;1;0.442;15;CONCURSO ORDINARIO DE ADMISION;SAN BORJA;LIMA;LIMA;6.401;14;14;9;12;8;6;7;7;0
241;20102;2010;2;19;1;0;PRE-UNIVERSITARIO;0;1;1;0.555;14;CONCURSO ORDINARIO DE ADMISION;SAN JUAN DE LURIGANCHO;LIMA;LIMA;11.179;12;14;12;11;14;9;4;6;0
242;20102;2010;2;17;1;0;PRE-UNIVERSITARIO;0;1;1;0.423;14;CONCURSO ORDINARIO DE ADMISION;CHORRILLOS;LIMA;LIMA;14.781;10;10;12;11;11;8;9;7;0
243;20102;2010;2;17;1;0;PRE-UNIVERSITARIO;0;1;1;0.416;15;CONCURSO ORDINARIO DE ADMISION;CALLAO;CALLAO;CALLAO;18.673;11;13;14;12;13;13;19;17;1
244;20102;2010;2;17;1;0;PRIVADO RELIGIOSO;0;0;1;0.322;15;CONCURSO ORDINARIO DE ADMISION;LIMA;LIMA;LIMA;8.409;11;0;1;11;4;9;6;6;0
246;20102;2010;2;19;1;0;PRE-UNIVERSITARIO;0;1;1;0.312;16;CONCURSO ORDINARIO DE ADMISION;LA MOLINA;LIMA;LIMA;0.98;2;0;0;1;4;1;0;0;0
247;20102;2010;2;23;1;0;PRIVADO;0;0;1;0.394;15;CONCURSO ORDINARIO DE ADMISION;SAN JUAN DE LURIGANCHO;LIMA;LIMA;8.978;13;12;12;13;16;15;16;13;1
248;20102;2010;2;23;0;0;ESTATAL;0;0;0;0.292;16;CONCURSO ORDINARIO DE ADMISION;ATE;LIMA;LIMA;4.621;14;11;18;14;14;12;-1;4;0
249;20102;2010;2;18;1;1;PRIVADO RELIGIOSO;0;0;1;0.384;14;CONCURSO ORDINARIO DE ADMISION;ATE;LIMA;LIMA;5.31;4;0;8;4;5;7;2;4;0
250;20102;2010;2;18;0;0;ESTATAL;0;0;0;0.208;13;CONCURSO ORDINARIO DE ADMISION;COMAS;LIMA;LIMA;19.93;12;17;9;11;11;12;5;2;0
251;20102;2010;2;18;1;0;ESTATAL MILITAR;0;0;0;0.268;14;CONCURSO ORDINARIO DE ADMISION;CHORRILLOS;LIMA;LIMA;14.361;11;12;11;12;12;11;10;9;0
253;20102;2010;2;18;1;1;PRE-UNIVERSITARIO;0;1;1;0.321;13;CONCURSO ORDINARIO DE ADMISION;ATE;LIMA;LIMA;1.597;11;4;12;12;10;12;5;6;0
254;20102;2010;2;20;1;0;PRIVADO RELIGIOSO;0;0;1;0.252;15;CONCURSO ORDINARIO DE ADMISION;LIMA;LIMA;LIMA;15.342;10;13;5;10;11;8;6;4;0
255;20102;2010;2;18;1;0;ESTATAL;0;0;0;0.223;14;CONCURSO ORDINARIO DE ADMISION;SAN LUIS;LIMA;LIMA;4.922;9;16;1;7;4;10;2;1;0
256;20102;2010;2;17;1;0;PRIVADO;0;0;1;0.376;12;CONCURSO ORDINARIO DE ADMISION;SAN JUAN DE LURIGANCHO;LIMA;LIMA;11.7;11;12;11;11;13;13;12;13;1
257;20102;2010;2;17;1;0;ESTATAL;0;0;0;0.37;15;CONCURSO ORDINARIO DE ADMISION;VILLA MARIA DEL TRIUNFO;LIMA;LIMA;16.276;9;12;9;11;8;8;2;1;0
258;20102;2010;2;17;1;0;ESTATAL;0;0;0;0.4751;15;EXONERADO CENTRO PREUNIVERSITARIO;CALLAO;CALLAO;CALLAO;20.214;14;15;17;13;13;14;13;11;1
259;20102;2010;2;17;0;0;PRE-UNIVERSITARIO;0;1;1;0.4802;15;EXONERADO CENTRO PREUNIVERSITARIO;LOS OLIVOS;LIMA;LIMA;17.668;11;0;11;11;12;12;7;5;0
261;20102;2010;2;17;1;0;PRIVADO;0;0;1;0.3504;14;EXONERADO CENTRO PREUNIVERSITARIO;SAN MARTIN DE PORRES;LIMA;LIMA;14.099;10;14;10;11;11;14;6;3;0
263;20102;2010;2;17;0;0;PRIVADO;0;0;1;0.232857143;14;EXONERADO TERCIO SUPERIOR;COMAS;LIMA;LIMA;17.672;11;16;11;11;7;10;3;5;0
270;20111;2011;1;16;1;0;PRIVADO RELIGIOSO;0;0;1;0.275;14;CONCURSO ORDINARIO DE ADMISION;BREÑA;LIMA;LIMA;11.824;12;16;14;12;11;11;8;8;0
271;20111;2011;1;18;1;0;PRE-UNIVERSITARIO;1;1;1;0.373;15;CONCURSO ORDINARIO DE ADMISION;LA MOLINA;LIMA;LIMA;0.238;0;0;2;0;0;1;3;0;0
272;20111;2011;1;18;1;0;PRE-UNIVERSITARIO;0;1;1;0.19;14;CONCURSO ORDINARIO DE ADMISION;EL AGUSTINO;LIMA;LIMA;6.804;13;14;10;11;11;11;4;6;0
273;20111;2011;1;17;1;0;PRIVADO;0;0;1;0.304;15;CONCURSO ORDINARIO DE ADMISION;BREÑA;LIMA;LIMA;17.322;13;20;11;12;9;11;5;9;0
274;20111;2011;1;17;1;0;ESTATAL MILITAR;0;0;0;0.326;15;CONCURSO ORDINARIO DE ADMISION;LOS OLIVOS;LIMA;LIMA;18.829;14;16;17;14;13;12;9;12;0
275;20111;2011;1;17;1;0;PRIVADO;0;0;1;0.247;14;CONCURSO ORDINARIO DE ADMISION;NA;NA;NA;11;8;15;11;9;8;13;4;4;0
276;20111;2011;1;17;1;0;PRIVADO;0;0;1;0.215;15;CONCURSO ORDINARIO DE ADMISION;NA;NA;NA;11;14;9;10;11;8;11;3;5;0
277;20111;2011;1;18;1;0;ESTATAL;0;0;0;0.334;15;CONCURSO ORDINARIO DE ADMISION;LA VICTORIA;LIMA;LIMA;7.349;14;14;15;12;10;13;4;5;0
278;20111;2011;1;17;1;0;PRIVADO;0;0;1;0.157;13;CONCURSO ORDINARIO DE ADMISION;COMAS;LIMA;LIMA;18.933;13;8;12;11;8;12;8;8;0
279;20111;2011;1;18;1;0;PRIVADO RELIGIOSO;0;0;1;0.28;15;CONCURSO ORDINARIO DE ADMISION;CALLAO;CALLAO;CALLAO;19.815;16;16;14;13;13;12;17;15;1
280;20111;2011;1;17;1;0;PRIVADO;0;0;1;0.299;14;CONCURSO ORDINARIO DE ADMISION;SAN MIGUEL;LIMA;LIMA;15.395;16;16;15;14;13;11;11;11;1
281;20111;2011;1;18;1;0;ESTATAL;0;0;0;0.091;14;CONCURSO ORDINARIO DE ADMISION;LOS OLIVOS;LIMA;LIMA;17.57;7;0;4;1;1;3;0;0;0
282;20111;2011;1;20;1;1;PRIVADO;0;0;1;0.229;15;CONCURSO ORDINARIO DE ADMISION;SAN MIGUEL;LIMA;LIMA;14.727;9;12;8;12;9;12;12;4;0
283;20111;2011;1;18;0;0;ESTATAL;0;0;0;0.5;15;CONCURSO ORDINARIO DE ADMISION;SAN JUAN DE LURIGANCHO;LIMA;LIMA;9.358;16;16;16;16;15;14;16;16;1
285;20111;2011;1;18;1;0;ESTATAL;0;0;0;0.119;13;CONCURSO ORDINARIO DE ADMISION;NA;NA;NA;11;7;0;2;7;5;5;3;5;0
286;20111;2011;1;16;1;0;PRIVADO;0;0;1;0.188;15;CONCURSO ORDINARIO DE ADMISION;SAN JUAN DE LURIGANCHO;LIMA;LIMA;9.745;14;13;8;11;8;11;6;6;0
287;20111;2011;1;17;1;0;PRIVADO;0;0;1;0.246;12;CONCURSO ORDINARIO DE ADMISION;SANTA ANITA;LIMA;LIMA;4.077;12;11;10;10;10;11;3;7;0
288;20111;2011;1;16;0;0;PRE-UNIVERSITARIO;0;1;1;0.224;15;CONCURSO ORDINARIO DE ADMISION;SAN JUAN DE LURIGANCHO;LIMA;LIMA;9.415;16;15;15;15;15;12;13;14;1
289;20111;2011;1;15;1;0;PRE-UNIVERSITARIO;0;1;1;0.314;15;CONCURSO ORDINARIO DE ADMISION;NA;NA;NA;11;8;0;9;8;6;8;0;1;0
290;20111;2011;1;17;1;0;ESTATAL;0;0;0;0.085;12;CONCURSO ORDINARIO DE ADMISION;ATE;LIMA;LIMA;0.815;12;14;4;9;5;8;0;1;0
291;20111;2011;1;16;1;0;ESTATAL;0;0;0;0.183;15;CONCURSO ORDINARIO DE ADMISION;LURIN;LIMA;LIMA;21.562;12;13;12;8;7;10;4;8;0
292;20111;2011;1;16;1;0;PRIVADO RELIGIOSO;0;0;1;0.25;15;CONCURSO ORDINARIO DE ADMISION;BREÑA;LIMA;LIMA;12.226;8;13;6;5;2;7;1;3;0
293;20111;2011;1;18;1;0;ESTATAL;0;0;0;0.256;14;CONCURSO ORDINARIO DE ADMISION;NA;NA;NA;11;12;5;11;11;8;11;1;3;0
294;20111;2011;1;18;0;0;ESTATAL RELIGIOSO;0;0;0;0.548;15;CONCURSO ORDINARIO DE ADMISION;ATE;LIMA;LIMA;4.805;16;17;17;15;16;17;20;19;1
295;20111;2011;1;16;1;1;PRIVADO RELIGIOSO;0;0;1;0.125;15;CONCURSO ORDINARIO DE ADMISION;SAN MARTIN DE PORRES;LIMA;LIMA;14.323;9;0;3;3;0;2;1;2;0
297;20111;2011;1;19;0;0;ESTATAL;0;0;0;0.451;13;CONCURSO ORDINARIO DE ADMISION;SAN JUAN DE LURIGANCHO;LIMA;LIMA;9.801;15;16;15;14;13;13;13;16;1
298;20111;2011;1;17;1;0;PRIVADO;0;0;1;0.153;13;CONCURSO ORDINARIO DE ADMISION;SAN JUAN DE LURIGANCHO;LIMA;LIMA;16.242;12;14;8;12;6;11;1;4;0
299;20111;2011;1;20;1;0;PRIVADO RELIGIOSO;0;0;1;0.422;13;CONCURSO ORDINARIO DE ADMISION;LURIGANCHO (CHOSICA);LIMA;LIMA;10.426;9;20;14;14;12;15;10;11;0
300;20111;2011;1;17;1;0;PRIVADO;0;0;1;0.633;14;CONCURSO ORDINARIO DE ADMISION;VENTANILLA;CALLAO;CALLAO;30.605;13;13;11;11;11;11;2;3;0
301;20111;2011;1;16;1;0;PRIVADO;0;0;1;0.182;14;CONCURSO ORDINARIO DE ADMISION;CHICLAYO;CHICLAYO;LAMBAYEQUE;11;9;11;6;8;4;7;2;3;0
303;20111;2011;1;17;1;0;PRE-UNIVERSITARIO;0;1;1;0.267;14;CONCURSO ORDINARIO DE ADMISION;LOS OLIVOS;LIMA;LIMA;16.902;13;0;3;11;6;11;8;11;0
304;20111;2011;1;16;1;1;PRIVADO RELIGIOSO;0;0;1;0.09;13;CONCURSO ORDINARIO DE ADMISION;LOS OLIVOS;LIMA;LIMA;15.481;11;10;9;11;8;12;6;11;0
305;20111;2011;1;18;1;0;PRIVADO RELIGIOSO;0;0;1;0.418;13;CONCURSO ORDINARIO DE ADMISION;SANTIAGO DE SURCO;LIMA;LIMA;8.483;15;11;11;13;13;15;17;15;1
306;20111;2011;1;19;0;1;ESTATAL MILITAR;0;0;0;0.221;15;CONCURSO ORDINARIO DE ADMISION;CALLAO;CALLAO;CALLAO;20.284;12;13;10;9;7;11;7;5;0
307;20111;2011;1;16;1;0;ESTATAL;0;0;0;0.145;14;CONCURSO ORDINARIO DE ADMISION;LA MOLINA;LIMA;LIMA;1;0;0;1;5;1;2;0;0;0
308;20111;2011;1;17;1;0;PRIVADO RELIGIOSO;1;0;1;0.302;15;CONCURSO ORDINARIO DE ADMISION;PUEBLO LIBRE;LIMA;LIMA;12.623;11;0;7;11;6;7;2;3;0
309;20111;2011;1;16;1;0;PRIVADO;0;0;1;0.269;15;CONCURSO ORDINARIO DE ADMISION;SAN ISIDRO;LIMA;LIMA;9.917;16;13;16;15;14;16;16;15;1
310;20111;2011;1;16;1;0;PRIVADO;0;0;1;0.142;15;CONCURSO ORDINARIO DE ADMISION;VILLA EL SALVADOR;LIMA;LIMA;16.049;11;20;5;3;3;8;0;2;0
311;20111;2011;1;16;1;0;ESTATAL;0;0;0;0.189;15;CONCURSO ORDINARIO DE ADMISION;LA MOLINA;LIMA;LIMA;0.548;13;14;12;13;11;13;4;9;0
312;20111;2011;1;19;1;0;PRIVADO;0;0;1;0.28;14;CONCURSO ORDINARIO DE ADMISION;NA;NA;NA;11;8;0;5;8;2;3;3;3;0
314;20111;2011;1;18;1;1;PRIVADO RELIGIOSO;0;0;1;0.209;14;CONCURSO ORDINARIO DE ADMISION;RICARDO PALMA;HUAROCHIRI;LIMA;11;12;12;10;12;8;13;5;9;0
315;20111;2011;1;19;1;0;ESTATAL;0;0;0;0.318;15;CONCURSO ORDINARIO DE ADMISION;SAN MARTIN DE PORRES;LIMA;LIMA;18.376;16;16;12;13;13;14;12;15;1
317;20111;2011;1;17;1;0;ESTATAL;0;0;0;0.417;15;CONCURSO ORDINARIO DE ADMISION;ATE;LIMA;LIMA;2.518;14;11;13;13;11;14;10;9;0
318;20111;2011;1;18;1;0;PRIVADO RELIGIOSO;0;0;1;0.291;14;CONCURSO ORDINARIO DE ADMISION;SURQUILLO;LIMA;LIMA;9.847;12;13;15;13;14;12;14;12;1
319;20111;2011;1;23;1;0;PRIVADO;0;0;1;0.24;14;CONCURSO ORDINARIO DE ADMISION;VILLA MARIA DEL TRIUNFO;LIMA;LIMA;15.176;13;0;8;12;12;13;0;7;0
320;20111;2011;1;17;1;0;PRE-UNIVERSITARIO;0;1;1;0.201;15;CONCURSO ORDINARIO DE ADMISION;LOS OLIVOS;LIMA;LIMA;18.42;8;11;6;5;3;8;3;5;0
321;20111;2011;1;18;1;0;ESTATAL;0;0;0;0.373;12;CONCURSO ORDINARIO DE ADMISION;SANTIAGO DE SURCO;LIMA;LIMA;8.982;16;17;16;16;16;15;18;19;1
322;20111;2011;1;19;1;0;PRIVADO;0;0;1;0.196;15;CONCURSO ORDINARIO DE ADMISION;SAN JUAN DE LURIGANCHO;LIMA;LIMA;12.791;12;7;9;5;6;6;3;3;0
324;20111;2011;1;16;1;0;PRIVADO;0;0;1;0.206;13;CONCURSO ORDINARIO DE ADMISION;PUEBLO LIBRE;LIMA;LIMA;14.473;12;13;8;11;4;10;1;2;0
325;20111;2011;1;21;1;0;ESTATAL;0;0;0;0.376;13;CONCURSO ORDINARIO DE ADMISION;ATE;LIMA;LIMA;1.498;15;15;15;15;13;14;15;15;1
326;20111;2011;1;16;1;0;PRIVADO;0;0;1;0.28;13;CONCURSO ORDINARIO DE ADMISION;LURIN;LIMA;LIMA;20.266;10;16;9;5;4;9;1;3;0
327;20111;2011;1;16;1;0;PRIVADO;0;0;1;0.214;15;CONCURSO ORDINARIO DE ADMISION;SAN BORJA;LIMA;LIMA;6.002;12;13;8;12;8;11;8;4;0
328;20111;2011;1;17;1;0;ESTATAL;0;0;0;0.35;15;CONCURSO ORDINARIO DE ADMISION;SAN JUAN DE LURIGANCHO;LIMA;LIMA;14.781;14;16;8;11;10;6;10;13;0
329;20111;2011;1;17;1;0;PRIVADO;0;0;1;0.08;15;CONCURSO ORDINARIO DE ADMISION;SAN JUAN DE LURIGANCHO;LIMA;LIMA;11.507;9;4;5;7;4;3;1;3;0
330;20111;2011;1;17;1;0;PRIVADO;1;0;1;0.331;11;CONCURSO ORDINARIO DE ADMISION;LA MOLINA;LIMA;LIMA;5.011;11;0;6;12;9;8;1;3;0
331;20111;2011;1;19;1;1;PRIVADO;0;0;1;0.338;14;CONCURSO ORDINARIO DE ADMISION;NA;NA;NA;11;15;13;14;13;8;13;18;9;0
332;20111;2011;1;18;1;0;PRIVADO RELIGIOSO;0;0;1;0.238;13;CONCURSO ORDINARIO DE ADMISION;MAGDALENA DEL MAR;LIMA;LIMA;14.78;13;15;14;13;10;14;9;9;0
333;20111;2011;1;20;1;0;PRIVADO;0;0;1;0.153;14;CONCURSO ORDINARIO DE ADMISION;LOS OLIVOS;LIMA;LIMA;11;8;1;5;3;5;2;0;3;0
334;20111;2011;1;18;1;1;PRIVADO RELIGIOSO;0;0;1;0.276;15;CONCURSO ORDINARIO DE ADMISION;PUEBLO LIBRE;LIMA;LIMA;16.145;13;16;13;12;11;12;10;11;0
335;20111;2011;1;17;0;0;PRIVADO;0;0;1;0.216;15;CONCURSO ORDINARIO DE ADMISION;INDEPENDENCIA;LIMA;LIMA;14.191;15;15;13;12;14;13;10;11;0
337;20111;2011;1;17;1;0;PRIVADO;0;0;1;0.227;13;CONCURSO ORDINARIO DE ADMISION;SANTA ANITA;LIMA;LIMA;4.532;14;15;13;11;7;11;3;7;0
338;20111;2011;1;16;0;0;ESTATAL;0;0;0;0.131;15;CONCURSO ORDINARIO DE ADMISION;CALLAO;CALLAO;CALLAO;18.927;12;12;11;8;8;11;1;5;0
339;20111;2011;1;17;1;0;PRIVADO;0;0;1;0.229;14;CONCURSO ORDINARIO DE ADMISION;SAN MIGUEL;LIMA;LIMA;17.038;13;12;10;11;4;11;2;5;0
340;20111;2011;1;19;1;0;PRE-UNIVERSITARIO;0;1;1;0.477;14;CONCURSO ORDINARIO DE ADMISION;NA;NA;NA;11;5;9;10;5;5;9;5;5;0
341;20111;2011;1;17;1;0;PRE-UNIVERSITARIO;0;1;1;0.227;14;CONCURSO ORDINARIO DE ADMISION;BREÑA;LIMA;LIMA;12.5;11;16;11;11;10;13;3;5;0
343;20111;2011;1;16;1;0;ESTATAL;0;0;0;0.175;14;CONCURSO ORDINARIO DE ADMISION;SANTA ANITA;LIMA;LIMA;9.305;1;1;0;1;1;2;0;1;0
344;20111;2011;1;19;1;0;PRIVADO;0;0;1;0.197;11;CONCURSO ORDINARIO DE ADMISION;BELLAVISTA;CALLAO;CALLAO;18.946;0;1;2;1;0;4;1;3;0
345;20111;2011;1;20;1;0;ESTATAL;0;0;0;0.237;15;CONCURSO ORDINARIO DE ADMISION;NA;NA;NA;11;7;0;4;2;3;5;0;1;0
346;20111;2011;1;18;1;0;PRIVADO;0;0;1;0.283;15;CONCURSO ORDINARIO DE ADMISION;LIMA;LIMA;LIMA;14.605;14;14;10;13;10;13;9;12;0
347;20111;2011;1;17;1;0;PRE-UNIVERSITARIO;1;1;1;0.204;11;CONCURSO ORDINARIO DE ADMISION;ATE;LIMA;LIMA;4.881;11;12;10;7;7;8;2;1;0
351;20111;2011;1;18;1;0;ESTATAL;0;0;0;0.231;15;CONCURSO ORDINARIO DE ADMISION;COMAS;LIMA;LIMA;21.343;12;11;13;13;11;12;10;12;0
352;20111;2011;1;17;1;0;PRIVADO;0;0;1;0.313;16;CONCURSO ORDINARIO DE ADMISION;RIMAC;LIMA;LIMA;9.967;14;17;13;12;11;13;0;4;0
353;20111;2011;1;17;0;0;PRIVADO;0;0;1;0.25;12;CONCURSO ORDINARIO DE ADMISION;CARABAYLLO;LIMA;LIMA;23.287;14;20;15;14;13;15;15;16;1
354;20111;2011;1;31;1;0;ESTATAL;0;0;0;0.172;15;CONCURSO ORDINARIO DE ADMISION;NA;NA;NA;11;12;12;11;13;9;13;1;3;0
355;20111;2011;1;18;1;0;NO ESCOLARIZADO;0;0;0;0.222;15;CONCURSO ORDINARIO DE ADMISION;CHORRILLOS;LIMA;LIMA;14.447;10;0;10;9;5;7;1;3;0
356;20111;2011;1;21;1;0;ESTATAL;0;0;0;0.317;15;CONCURSO ORDINARIO DE ADMISION;LOS OLIVOS;LIMA;LIMA;18.219;14;13;9;15;9;12;0;1;0
357;20111;2011;1;17;1;0;ESTATAL;0;0;0;0.236;14;CONCURSO ORDINARIO DE ADMISION;INDEPENDENCIA;LIMA;LIMA;9.465;13;15;13;14;12;13;5;10;0
358;20111;2011;1;16;1;0;PRIVADO;0;0;1;0.41;13;CONCURSO ORDINARIO DE ADMISION;NA;NA;NA;11;14;12;14;12;10;13;5;10;0
359;20111;2011;1;31;1;1;ESTATAL;0;0;0;0.231;15;CONCURSO ORDINARIO DE ADMISION;VILLA EL SALVADOR;LIMA;LIMA;16.354;12;15;9;14;11;14;12;10;0
360;20111;2011;1;19;1;0;ESTATAL;0;0;0;0.172;14;CONCURSO ORDINARIO DE ADMISION;RIMAC;LIMA;LIMA;9.269;8;10;4;10;9;6;4;7;0
361;20111;2011;1;20;1;0;PRE-UNIVERSITARIO;1;1;1;0.294;15;CONCURSO ORDINARIO DE ADMISION;ATE;LIMA;LIMA;2.317;10;0;11;5;4;8;6;10;0
365;20111;2011;1;-1;1;0;PRIVADO;0;0;1;0.5724;14;EXONERADO CENTRO PREUNIVERSITARIO;CALLAO;CALLAO;CALLAO;18.44;14;15;15;14;10;14;9;11;0
366;20111;2011;1;-1;1;0;PRIVADO;0;0;1;0.4066;15;EXONERADO CENTRO PREUNIVERSITARIO;JESUS MARIA;LIMA;LIMA;11.477;13;11;12;15;11;15;14;11;1
367;20111;2011;1;16;1;0;ESTATAL;0;0;0;0.3984;15;EXONERADO CENTRO PREUNIVERSITARIO;SAN JUAN DE LURIGANCHO;LIMA;LIMA;8.608;13;13;9;10;10;11;3;6;0
369;20111;2011;1;16;1;0;PRIVADO;0;0;1;0.537142857;13;EXONERADO POR CONVENIO DE EXCELENCIA;CHORRILLOS;LIMA;LIMA;12.356;12;11;9;11;11;11;5;7;0
370;20111;2011;1;16;1;0;PRIVADO;0;0;1;0.462857143;14;EXONERADO POR CONVENIO DE EXCELENCIA;PUEBLO LIBRE;LIMA;LIMA;12.476;9;0;9;5;1;6;1;2;0
371;20111;2011;1;18;1;0;PRIVADO RELIGIOSO;0;0;1;0.321428571;15;EXONERADO POR CONVENIO DE EXCELENCIA;RIMAC;LIMA;LIMA;10.821;13;13;11;11;11;12;5;7;0
372;20111;2011;1;16;1;0;PRIVADO;0;0;1;0.695714286;14;EXONERADO POR PRIMERA ALTERNATIVA;VENTANILLA;CALLAO;CALLAO;28.514;11;13;8;10;5;9;6;7;0
373;20111;2011;1;17;1;0;PRIVADO;0;0;1;0.762142857;15;EXONERADO POR PRIMERA ALTERNATIVA;LA MOLINA;LIMA;LIMA;1.792;15;17;17;17;16;16;19;17;1
374;20111;2011;1;18;1;0;PRIVADO;0;0;1;0.633571429;13;EXONERADO POR PRIMERA ALTERNATIVA;SAN JUAN DE LURIGANCHO;LIMA;LIMA;8.989;13;13;11;13;12;12;6;9;0
375;20111;2011;1;16;0;0;ESTATAL;0;0;0;0.401428571;16;EXONERADO POR PRIMERA ALTERNATIVA;SANTIAGO DE SURCO;LIMA;LIMA;10.634;8;10;6;5;4;8;1;3;0
376;20111;2011;1;17;0;0;PRIVADO RELIGIOSO;1;0;1;0.705;13;EXONERADO POR PRIMERA ALTERNATIVA;LA MOLINA;LIMA;LIMA;1;16;14;15;10;9;11;9;8;0
377;20111;2011;1;17;1;0;PRIVADO;0;0;1;0.613571429;14;EXONERADO POR PRIMERA ALTERNATIVA;LA VICTORIA;LIMA;LIMA;8.714;11;20;11;11;10;12;2;8;0
378;20111;2011;1;17;1;0;PRIVADO;0;0;1;0.824285714;13;EXONERADO POR PRIMERA ALTERNATIVA;SAN JUAN DE MIRAFLORES;LIMA;LIMA;7.812;14;12;14;15;15;13;14;16;0
379;20111;2011;1;16;1;0;PRIVADO;0;0;1;0.629285714;15;EXONERADO POR PRIMERA ALTERNATIVA;ATE;LIMA;LIMA;4.68;13;16;10;12;10;12;10;13;0
380;20111;2011;1;17;1;0;PRE-UNIVERSITARIO;0;1;1;0.698571429;15;EXONERADO POR PRIMERA ALTERNATIVA;VENTANILLA;CALLAO;CALLAO;27.721;10;13;13;8;4;10;2;1;0
383;20111;2011;1;17;1;1;ESTATAL;0;0;0;0.677857143;15;EXONERADO POR PRIMERA ALTERNATIVA;LA MOLINA;LIMA;LIMA;0.336;14;12;10;14;14;11;6;9;0
384;20111;2011;1;17;1;0;PRE-UNIVERSITARIO;0;1;1;0.709285714;14;EXONERADO POR PRIMERA ALTERNATIVA;SAN MARTIN DE PORRES;LIMA;LIMA;14.079;13;12;9;10;5;9;3;5;0
386;20111;2011;1;16;1;0;PRIVADO;0;0;1;0.745714286;15;EXONERADO POR PRIMERA ALTERNATIVA;CHORRILLOS;LIMA;LIMA;16.715;12;14;11;10;8;11;5;9;0
387;20111;2011;1;17;0;0;PRE-UNIVERSITARIO;0;1;1;0.759285714;15;EXONERADO POR PRIMERA ALTERNATIVA;LOS OLIVOS;LIMA;LIMA;18.933;14;19;13;14;10;15;7;12;0
388;20111;2011;1;18;1;0;PRIVADO;0;0;1;0.452142857;13;EXONERADO POR PRIMERA ALTERNATIVA;LA MOLINA;LIMA;LIMA;11.853;11;9;9;11;9;12;1;3;0
389;20111;2011;1;17;1;0;PRIVADO;0;0;1;0.679285714;15;EXONERADO POR PRIMERA ALTERNATIVA;SAN JUAN DE LURIGANCHO;LIMA;LIMA;15.74;10;14;7;12;10;11;5;8;0
390;20111;2011;1;17;1;0;PRE-UNIVERSITARIO;0;1;1;0.622142857;15;EXONERADO POR PRIMERA ALTERNATIVA;JESUS MARIA;LIMA;LIMA;11.829;12;14;7;11;6;8;0;6;0
391;20111;2011;1;17;0;0;PRE-UNIVERSITARIO;0;1;1;0.007142857;14;EXONERADO POR PRIMERA ALTERNATIVA;LA MOLINA;LIMA;LIMA;1.765;0;0;2;1;2;4;1;1;0
392;20111;2011;1;17;1;1;PRIVADO RELIGIOSO;0;0;1;0.620714286;15;EXONERADO POR PRIMERA ALTERNATIVA;BARRANCO;LIMA;LIMA;11.972;16;15;16;13;12;13;11;13;1
394;20111;2011;1;17;1;0;PRIVADO RELIGIOSO;1;0;1;0.639285714;13;EXONERADO POR PRIMERA ALTERNATIVA;PUEBLO LIBRE;LIMA;LIMA;14.168;13;13;13;14;8;13;1;3;0
395;20111;2011;1;17;1;0;PRE-UNIVERSITARIO;0;1;1;0.065714286;11;EXONERADO POR PRIMERA ALTERNATIVA;LIMA;LIMA;LIMA;12.672;10;0;7;11;6;9;1;3;0
397;20111;2011;1;17;1;1;PRE-UNIVERSITARIO;0;1;1;0.675;16;EXONERADO POR PRIMERA ALTERNATIVA;SAN JUAN DE MIRAFLORES;LIMA;LIMA;11.348;10;15;7;13;10;13;3;4;0
398;20111;2011;1;16;1;0;PRE-UNIVERSITARIO;0;1;1;0.794285714;13;EXONERADO POR PRIMERA ALTERNATIVA;CALLAO;CALLAO;CALLAO;18.663;14;11;11;11;8;12;5;10;0
399;20111;2011;1;16;1;0;PRIVADO;0;0;1;0.727142857;14;EXONERADO POR PRIMERA ALTERNATIVA;ATE;LIMA;LIMA;2.65;15;16;16;16;15;14;16;17;1
400;20111;2011;1;16;1;0;PRIVADO;0;0;1;0.705;14;EXONERADO POR PRIMERA ALTERNATIVA;MAGDALENA DEL MAR;LIMA;LIMA;14;14;15;11;11;6;12;4;8;0
401;20111;2011;1;17;1;0;PRE-UNIVERSITARIO;1;1;1;0.636428571;13;EXONERADO POR PRIMERA ALTERNATIVA;SANTA ANITA;LIMA;LIMA;4.503;14;13;8;12;7;9;4;7;0
402;20111;2011;1;18;1;0;PRE-UNIVERSITARIO;0;1;1;0.687857143;13;EXONERADO POR PRIMERA ALTERNATIVA;COMAS;LIMA;LIMA;18.292;13;18;9;7;4;8;4;8;0
403;20111;2011;1;17;1;0;PRE-UNIVERSITARIO;0;1;1;0.073571429;13;EXONERADO POR PRIMERA ALTERNATIVA;SAN MARTIN DE PORRES;LIMA;LIMA;19.63;12;12;11;11;8;13;5;8;0
404;20111;2011;1;17;1;0;PRIVADO;0;0;1;0.080714286;15;EXONERADO POR PRIMERA ALTERNATIVA;PUEBLO LIBRE;LIMA;LIMA;13.317;13;13;15;15;12;13;7;11;0
405;20111;2011;1;17;0;1;ESTATAL;0;0;0;0.754285714;13;EXONERADO POR PRIMERA ALTERNATIVA;VILLA RICA;OXAPAMPA;PASCO;11;15;17;14;15;15;15;10;13;0
406;20111;2011;1;17;0;0;PRIVADO;0;0;1;0.712857143;15;EXONERADO POR PRIMERA ALTERNATIVA;RIMAC;LIMA;LIMA;11.208;13;12;16;14;13;15;11;10;0
407;20111;2011;1;18;0;0;OTROS;0;0;0;0.667142857;15;EXONERADO POR PRIMERA ALTERNATIVA;SAN LUIS;LIMA;LIMA;6.921;13;15;15;12;13;12;9;9;0
408;20111;2011;1;16;1;1;PRIVADO RELIGIOSO;1;0;1;0.775;13;EXONERADO POR PRIMERA ALTERNATIVA;HUACHO;HUAURA;LIMA;11;8;0;6;8;6;5;4;5;0
410;20111;2011;1;17;1;0;PRIVADO RELIGIOSO;0;0;1;0.585;14;EXONERADO POR PRIMERA ALTERNATIVA;SAN MIGUEL;LIMA;LIMA;17.171;8;13;10;11;7;11;2;2;0
411;20111;2011;1;17;1;0;PRIVADO;0;0;1;0.646428571;13;EXONERADO POR PRIMERA ALTERNATIVA;SAN MIGUEL;LIMA;LIMA;15.266;13;11;7;8;2;7;2;6;0
412;20111;2011;1;17;1;0;PRIVADO;0;0;1;0.505;14;EXONERADO POR PRIMERA ALTERNATIVA;BREÑA;LIMA;LIMA;14.584;12;13;11;12;8;12;2;2;0
415;20111;2011;1;17;0;0;PRE-UNIVERSITARIO;0;1;1;0.377142857;15;EXONERADO TERCIO SUPERIOR;BELLAVISTA;CALLAO;CALLAO;14.063;16;14;16;15;13;15;14;13;1
416;20111;2011;1;17;1;0;PRIVADO;0;0;1;0.598571429;14;EXONERADO TERCIO SUPERIOR;COMAS;LIMA;LIMA;18.168;15;15;15;14;10;12;14;14;0
417;20111;2011;1;16;1;0;PRIVADO;0;0;1;0.592857143;14;EXONERADO TERCIO SUPERIOR;BREÑA;LIMA;LIMA;11.25;14;15;14;12;11;12;11;11;1
431;20112;2011;2;18;1;0;ESTATAL;0;0;0;0.34;15;CONCURSO ORDINARIO DE ADMISION;NA;NA;NA;11;1;1;2;0;0;0;4;1;0
432;20112;2011;2;19;1;1;PRIVADO;0;0;1;0.431;14;CONCURSO ORDINARIO DE ADMISION;LA VICTORIA;LIMA;LIMA;8.425;12;0;5;5;1;3;15;10;0
433;20112;2011;2;18;1;0;PRIVADO;0;0;1;0.197;14;CONCURSO ORDINARIO DE ADMISION;NA;NA;NA;11;2;2;2;1;4;4;0;1;0
434;20112;2011;2;16;0;0;PRIVADO;0;0;1;0.136;13;CONCURSO ORDINARIO DE ADMISION;LA VICTORIA;LIMA;LIMA;8.151;11;6;6;9;8;10;1;2;0
436;20112;2011;2;18;1;0;PRIVADO;0;0;1;0.097;14;CONCURSO ORDINARIO DE ADMISION;LIMA;LIMA;LIMA;7.598;13;12;12;10;8;11;3;5;0
437;20112;2011;2;16;1;1;PRIVADO;0;0;1;0.227;14;CONCURSO ORDINARIO DE ADMISION;ANDAHUAYLAS;ANDAHUAYLAS;APURIMAC;11;1;0;2;2;0;3;1;2;0
438;20112;2011;2;17;1;0;PRIVADO;0;0;1;0.149;14;CONCURSO ORDINARIO DE ADMISION;SAN JUAN DE LURIGANCHO;LIMA;LIMA;15.741;11;14;11;11;9;12;2;5;0
439;20112;2011;2;17;1;0;PRE-UNIVERSITARIO;0;1;1;0.227;14;CONCURSO ORDINARIO DE ADMISION;ATE;LIMA;LIMA;5.348;14;13;15;13;12;13;8;11;0
440;20112;2011;2;19;1;0;ESTATAL;0;0;0;0.206;15;CONCURSO ORDINARIO DE ADMISION;CARMEN DE LA LEGUA REYNOSO;CALLAO;CALLAO;15.77;7;15;11;9;8;11;1;2;0
441;20112;2011;2;17;1;0;PRIVADO RELIGIOSO;0;0;1;0.17;13;CONCURSO ORDINARIO DE ADMISION;NA;NA;NA;11;12;13;7;3;6;5;1;4;0
442;20112;2011;2;17;1;0;PRE-UNIVERSITARIO;0;1;1;0.351;12;CONCURSO ORDINARIO DE ADMISION;NA;NA;NA;11;3;7;4;3;1;0;2;6;0
443;20112;2011;2;17;1;1;ESTATAL;0;0;0;0.185;14;CONCURSO ORDINARIO DE ADMISION;SANTA ANITA;LIMA;LIMA;4.134;12;11;7;11;7;12;9;3;0
444;20112;2011;2;18;1;0;PRIVADO;0;0;1;0.335;15;CONCURSO ORDINARIO DE ADMISION;HUAROCHIRI;HUAROCHIRI;LIMA;11;13;13;11;13;9;13;1;3;0
445;20112;2011;2;16;1;0;PRIVADO;0;0;1;0.281;14;CONCURSO ORDINARIO DE ADMISION;LOS OLIVOS;LIMA;LIMA;18.829;13;11;14;12;10;11;6;9;0
446;20112;2011;2;17;1;0;PRE-UNIVERSITARIO;0;1;1;0.321;13;CONCURSO ORDINARIO DE ADMISION;NA;NA;NA;11;15;2;13;11;9;11;11;10;0
448;20112;2011;2;17;1;0;PRE-UNIVERSITARIO;0;1;1;0.496;13;CONCURSO ORDINARIO DE ADMISION;EL AGUSTINO;LIMA;LIMA;6.731;17;18;16;13;13;13;18;16;1
449;20112;2011;2;18;1;0;ESTATAL RELIGIOSO;0;0;0;0.43;15;CONCURSO ORDINARIO DE ADMISION;LOS OLIVOS;LIMA;LIMA;16.438;14;18;14;13;12;14;14;12;1
452;20112;2011;2;19;1;0;PRE-UNIVERSITARIO;1;1;1;0.252;14;CONCURSO ORDINARIO DE ADMISION;NA;NA;NA;11;6;5;8;3;5;9;6;8;0
453;20112;2011;2;18;1;0;PRE-UNIVERSITARIO;0;1;1;0.564;14;CONCURSO ORDINARIO DE ADMISION;SURQUILLO;LIMA;LIMA;9.86;16;16;15;15;14;14;17;14;1
454;20112;2011;2;23;1;0;PRIVADO;0;0;1;0.226;14;CONCURSO ORDINARIO DE ADMISION;SAN MARTIN DE PORRES;LIMA;LIMA;14.556;16;15;12;15;15;14;12;11;1
455;20112;2011;2;16;0;0;PRIVADO;0;0;1;0.332;15;CONCURSO ORDINARIO DE ADMISION;PUEBLO LIBRE;LIMA;LIMA;12.895;14;13;15;12;11;14;7;7;0
456;20112;2011;2;18;0;0;PRE-UNIVERSITARIO;0;1;1;0.288;14;CONCURSO ORDINARIO DE ADMISION;CALLAO;CALLAO;CALLAO;19.349;11;18;12;12;11;13;4;7;0
457;20112;2011;2;19;0;0;PRIVADO;0;0;1;0.246;14;CONCURSO ORDINARIO DE ADMISION;LA VICTORIA;LIMA;LIMA;8.799;9;13;7;7;3;7;1;2;0
458;20112;2011;2;16;1;0;PRE-UNIVERSITARIO;1;1;1;0.438;13;CONCURSO ORDINARIO DE ADMISION;VILLA EL SALVADOR;LIMA;LIMA;16.049;12;0;5;13;6;12;10;8;0
459;20112;2011;2;18;1;0;ESTATAL;0;0;0;0.275;15;CONCURSO ORDINARIO DE ADMISION;SAN JUAN DE LURIGANCHO;LIMA;LIMA;8.096;13;15;11;11;11;12;2;6;0
460;20112;2011;2;17;1;0;PRIVADO;0;0;1;0.225;15;CONCURSO ORDINARIO DE ADMISION;SAN JUAN DE MIRAFLORES;LIMA;LIMA;11.879;12;11;11;9;6;10;2;5;0
461;20112;2011;2;17;1;0;ESTATAL;0;0;0;0.316;15;CONCURSO ORDINARIO DE ADMISION;BELLAVISTA;CALLAO;CALLAO;17.039;15;12;16;14;14;16;15;16;1
462;20112;2011;2;23;1;0;ESTATAL;0;0;0;0.381;14;CONCURSO ORDINARIO DE ADMISION;LOS OLIVOS;LIMA;LIMA;18.42;15;14;13;12;11;11;5;11;0
463;20112;2011;2;17;1;0;PRE-UNIVERSITARIO;0;1;1;0.346;14;CONCURSO ORDINARIO DE ADMISION;LOS OLIVOS;LIMA;LIMA;19.002;15;14;14;13;15;13;14;13;1
464;20112;2011;2;16;1;1;PRIVADO;0;0;1;0.409;14;CONCURSO ORDINARIO DE ADMISION;ATE;LIMA;LIMA;4.817;15;16;15;14;12;14;13;11;1
465;20112;2011;2;17;1;0;PRIVADO RELIGIOSO;0;0;1;0.335;13;CONCURSO ORDINARIO DE ADMISION;JESUS MARIA;LIMA;LIMA;11.626;15;13;14;13;13;15;9;11;0
466;20112;2011;2;18;1;0;PRIVADO;0;0;1;0.25;13;CONCURSO ORDINARIO DE ADMISION;NA;NA;NA;11;11;16;11;11;11;11;5;9;0
467;20112;2011;2;17;1;0;PRIVADO;0;0;1;0.212;14;CONCURSO ORDINARIO DE ADMISION;SAN JUAN DE LURIGANCHO;LIMA;LIMA;12.76;13;14;15;13;13;13;11;11;1
468;20112;2011;2;18;1;0;PRE-UNIVERSITARIO;0;1;1;0.293;14;CONCURSO ORDINARIO DE ADMISION;ATE;LIMA;LIMA;4.158;13;15;11;11;9;11;9;11;0
469;20112;2011;2;17;1;1;PRIVADO;0;0;1;0.424;13;CONCURSO ORDINARIO DE ADMISION;CHORRILLOS;LIMA;LIMA;12.99;9;5;8;8;6;5;5;7;0
470;20112;2011;2;18;1;0;ESTATAL RELIGIOSO;0;0;0;0.117;14;CONCURSO ORDINARIO DE ADMISION;PUENTE PIEDRA;LIMA;LIMA;25.429;2;0;3;2;1;0;0;1;0
471;20112;2011;2;18;1;1;PRE-UNIVERSITARIO;0;1;1;0.12;15;CONCURSO ORDINARIO DE ADMISION;ATE;LIMA;LIMA;5.31;14;7;13;12;11;13;1;4;0
473;20112;2011;2;18;0;0;ESTATAL;0;0;0;0.355;15;CONCURSO ORDINARIO DE ADMISION;ATE;LIMA;LIMA;3.277;17;15;17;16;14;15;19;15;1
474;20112;2011;2;18;1;0;PRE-UNIVERSITARIO;0;1;1;0.295;14;CONCURSO ORDINARIO DE ADMISION;LIMA;LIMA;LIMA;14.753;11;17;15;14;12;14;4;9;0
475;20112;2011;2;20;1;0;ESTATAL;0;0;0;0.172;14;CONCURSO ORDINARIO DE ADMISION;ATE;LIMA;LIMA;3.607;14;0;14;12;10;12;7;6;0
476;20112;2011;2;17;1;0;ESTATAL;0;0;0;0.665;15;CONCURSO ORDINARIO DE ADMISION;VILLA EL SALVADOR;LIMA;LIMA;16.049;18;17;16;15;16;15;19;19;1
477;20112;2011;2;19;1;0;PRE-UNIVERSITARIO;0;1;1;0.407;13;CONCURSO ORDINARIO DE ADMISION;SAN MARTIN DE PORRES;LIMA;LIMA;21.885;6;0;3;2;1;5;5;6;0
478;20112;2011;2;18;1;0;NO ESCOLARIZADO;0;0;0;0.186;15;CONCURSO ORDINARIO DE ADMISION;ATE;LIMA;LIMA;1.647;14;15;12;14;13;15;5;7;0
479;20112;2011;2;17;1;0;ESTATAL;0;0;0;0.278;15;CONCURSO ORDINARIO DE ADMISION;ATE;LIMA;LIMA;4.027;12;4;12;9;9;12;2;2;0
480;20112;2011;2;19;1;1;PRIVADO RELIGIOSO;0;0;1;0.531;15;CONCURSO ORDINARIO DE ADMISION;LURIGANCHO (CHOSICA);LIMA;LIMA;11;16;17;14;14;16;15;15;13;1
481;20112;2011;2;19;1;0;ESTATAL;0;0;0;0.259;15;CONCURSO ORDINARIO DE ADMISION;NA;NA;NA;11;7;7;4;3;1;3;2;4;0
482;20112;2011;2;19;1;0;PRIVADO;0;0;1;0.18;15;CONCURSO ORDINARIO DE ADMISION;SAN MARTIN DE PORRES;LIMA;LIMA;19.628;13;12;3;11;1;11;6;4;0
483;20112;2011;2;18;1;0;PRIVADO RELIGIOSO;0;0;1;0.404;15;CONCURSO ORDINARIO DE ADMISION;SAN JUAN DE MIRAFLORES;LIMA;LIMA;9.586;12;4;6;10;6;6;4;7;0
484;20112;2011;2;17;1;0;PRE-UNIVERSITARIO;0;1;1;0.21;13;CONCURSO ORDINARIO DE ADMISION;LIMA;LIMA;LIMA;13.401;0;0;0;0;0;0;0;0;0
487;20112;2011;2;17;1;0;PRIVADO;0;0;1;0.366;14;CONCURSO ORDINARIO DE ADMISION;ATE;LIMA;LIMA;4.027;7;5;3;2;2;4;0;3;0
488;20112;2011;2;17;1;0;ESTATAL;0;0;0;0.158;15;CONCURSO ORDINARIO DE ADMISION;PACHACAMAC;LIMA;LIMA;18.071;6;0;5;8;6;7;2;3;0
489;20112;2011;2;17;1;0;ESTATAL;0;0;0;0.224;15;CONCURSO ORDINARIO DE ADMISION;ATE;LIMA;LIMA;7.632;15;14;13;13;13;12;2;11;0
490;20112;2011;2;17;0;0;PRIVADO;0;0;1;0.306;15;CONCURSO ORDINARIO DE ADMISION;INDEPENDENCIA;LIMA;LIMA;14.522;14;15;15;13;15;16;18;13;1
491;20112;2011;2;21;1;0;PRE-UNIVERSITARIO;0;1;1;0.313;14;CONCURSO ORDINARIO DE ADMISION;SURQUILLO;LIMA;LIMA;9.337;14;15;12;11;12;13;11;12;1
493;20112;2011;2;18;1;0;ESTATAL;0;0;0;0.266;15;CONCURSO ORDINARIO DE ADMISION;SAN MARTIN DE PORRES;LIMA;LIMA;14.828;14;11;14;12;6;11;11;11;0
494;20112;2011;2;17;0;0;ESTATAL;0;0;0;0.185;15;CONCURSO ORDINARIO DE ADMISION;NA;NA;NA;11;9;15;12;11;10;12;1;8;0
495;20112;2011;2;21;1;0;ESTATAL;0;0;0;0.085;15;CONCURSO ORDINARIO DE ADMISION;LIMA;LIMA;LIMA;16.144;4;0;8;2;2;5;1;1;0
496;20112;2011;2;17;0;0;ESTATAL;0;0;0;0.394;14;CONCURSO ORDINARIO DE ADMISION;SANTIAGO DE SURCO;LIMA;LIMA;10.78;16;13;18;13;15;16;11;12;1
497;20112;2011;2;23;1;0;PRE-UNIVERSITARIO;0;1;1;0.402;15;CONCURSO ORDINARIO DE ADMISION;SANTA ANITA;LIMA;LIMA;3.485;16;13;15;15;15;13;17;15;1
498;20112;2011;2;18;1;1;ESTATAL;0;0;0;1;14;EXON.POR DEPORTISTA DESTACADO                                                   ;LA MOLINA;LIMA;LIMA;1;10;17;11;10;7;12;0;0;0
499;20112;2011;2;-1;1;0;PRE-UNIVERSITARIO;0;1;1;0.5108;14;EXONERADO CENTRO PREUNIVERSITARIO;SAN MIGUEL;LIMA;LIMA;16.414;16;16;15;14;11;14;12;12;1
500;20112;2011;2;-1;1;0;ESTATAL RELIGIOSO;0;0;0;0.3939;15;EXONERADO CENTRO PREUNIVERSITARIO;COMAS;LIMA;LIMA;19.522;15;15;12;12;12;14;1;3;0
501;20112;2011;2;-1;1;0;PRE-UNIVERSITARIO;0;1;1;0.3816;15;EXONERADO CENTRO PREUNIVERSITARIO;ATE;LIMA;LIMA;5.273;13;14;9;10;10;14;9;12;0
503;20112;2011;2;-1;1;1;PRIVADO RELIGIOSO;0;0;1;0.4516;14;EXONERADO CENTRO PREUNIVERSITARIO;SANTIAGO DE SURCO;LIMA;LIMA;7.783;15;12;15;14;16;14;5;12;0
504;20112;2011;2;-1;1;0;PRIVADO;0;0;1;0.0459;15;EXONERADO CENTRO PREUNIVERSITARIO;BELLAVISTA;CALLAO;CALLAO;15.026;13;15;14;12;10;14;7;11;0
505;20112;2011;2;-1;0;0;ESTATAL;0;0;0;0.4116;15;EXONERADO CENTRO PREUNIVERSITARIO;LA MOLINA;LIMA;LIMA;0.86;16;14;16;14;14;14;9;11;0
506;20112;2011;2;-1;1;0;PRIVADO;0;0;1;0.3752;14;EXONERADO CENTRO PREUNIVERSITARIO;SANTIAGO DE SURCO;LIMA;LIMA;11.226;13;14;12;13;12;13;9;12;0
507;20112;2011;2;-1;1;0;PRIVADO;0;0;1;0.3076;14;EXONERADO CENTRO PREUNIVERSITARIO;SAN MARTIN DE PORRES;LIMA;LIMA;15.998;1;0;3;5;2;5;0;0;0
508;20112;2011;2;-1;1;0;ESTATAL;0;0;0;0.4196;14;EXONERADO CENTRO PREUNIVERSITARIO;LIMA;LIMA;LIMA;8.567;11;0;8;11;10;13;10;10;0
509;20112;2011;2;-1;1;0;PRIVADO RELIGIOSO;0;0;1;0.5054;14;EXONERADO CENTRO PREUNIVERSITARIO;CALLAO;CALLAO;CALLAO;18.907;11;12;12;11;12;11;10;9;0
510;20112;2011;2;18;1;0;ESTATAL;0;0;0;0.48;13;EXONERADO TERCIO SUPERIOR;LA VICTORIA;LIMA;LIMA;6.705;17;15;13;14;12;11;12;12;1
517;20121;2012;1;20;0;0;ESTATAL;0;0;0;0.244;11;CONCURSO ORDINARIO DE ADMISION;BELLAVISTA;CALLAO;CALLAO;19.816;17;13;13;12;15;16;9;13;0
518;20121;2012;1;21;1;0;ESTATAL;0;0;0;0.319;13;CONCURSO ORDINARIO DE ADMISION;COMAS;LIMA;LIMA;21.343;10;16;12;7;13;12;12;6;0
519;20121;2012;1;19;1;1;PRIVADO RELIGIOSO;0;0;1;0.145;14;CONCURSO ORDINARIO DE ADMISION;NA;NA;NA;11;9;4;6;6;3;10;4;2;0
520;20121;2012;1;18;1;0;PRIVADO;0;0;1;0.404;15;CONCURSO ORDINARIO DE ADMISION;SAN JUAN DE LURIGANCHO;LIMA;LIMA;12.436;8;16;11;12;12;15;15;13;0
521;20121;2012;1;16;1;0;PRIVADO;0;0;1;0.192;14;CONCURSO ORDINARIO DE ADMISION;SAN LUIS;LIMA;LIMA;6.826;15;13;11;11;12;14;2;8;0
522;20121;2012;1;18;1;0;PRIVADO;0;0;1;0.285;15;CONCURSO ORDINARIO DE ADMISION;NA;NA;NA;11;5;11;8;7;5;12;0;3;0
523;20121;2012;1;17;1;1;PRIVADO;0;0;1;0.197;14;CONCURSO ORDINARIO DE ADMISION;NA;NA;NA;11;8;4;8;8;6;8;1;1;0
525;20121;2012;1;19;1;0;PRIVADO;0;0;1;0.229;12;CONCURSO ORDINARIO DE ADMISION;LOS OLIVOS;LIMA;LIMA;20.244;12;16;11;10;15;16;13;2;0
526;20121;2012;1;18;1;0;PRIVADO;0;0;1;0.239;15;CONCURSO ORDINARIO DE ADMISION;ATE;LIMA;LIMA;7.632;8;4;7;7;8;9;1;4;0
528;20121;2012;1;18;1;0;PRIVADO;1;0;1;0.203;13;CONCURSO ORDINARIO DE ADMISION;LA MOLINA;LIMA;LIMA;1.169;13;9;10;11;12;12;6;8;0
529;20121;2012;1;17;1;0;PRIVADO;0;0;1;0.32;14;CONCURSO ORDINARIO DE ADMISION;SAN MARTIN DE PORRES;LIMA;LIMA;18.995;14;15;12;12;10;12;8;12;0
530;20121;2012;1;17;1;0;PRIVADO;0;0;1;0.218;14;CONCURSO ORDINARIO DE ADMISION;SANTA ANITA;LIMA;LIMA;4.215;12;13;9;11;13;14;4;10;0
531;20121;2012;1;16;0;0;PRIVADO;0;0;1;0.198;11;CONCURSO ORDINARIO DE ADMISION;SAN MARTIN DE PORRES;LIMA;LIMA;14.376;13;12;12;7;13;16;8;6;0
532;20121;2012;1;18;1;1;ESTATAL;0;0;0;0.493;12;CONCURSO ORDINARIO DE ADMISION;ATE;LIMA;LIMA;4.817;17;15;17;14;16;15;12;15;1
533;20121;2012;1;18;1;1;ESTATAL;0;0;0;0.305;15;CONCURSO ORDINARIO DE ADMISION;PUEBLO NUEVO;CHINCHA;ICA;11;14;14;14;13;11;13;6;10;0
534;20121;2012;1;17;1;0;PRE-UNIVERSITARIO;0;1;1;0.192;13;CONCURSO ORDINARIO DE ADMISION;SAN MARTIN DE PORRES;LIMA;LIMA;14.556;12;16;9;12;11;11;2;9;0
537;20121;2012;1;17;1;0;PRIVADO;0;0;1;0.238;14;CONCURSO ORDINARIO DE ADMISION;ATE;LIMA;LIMA;4.253;11;14;10;11;13;14;10;9;0
538;20121;2012;1;16;1;1;PRIVADO;0;0;1;0.21;13;CONCURSO ORDINARIO DE ADMISION;LIMA;LIMA;LIMA;10.382;13;13;11;10;12;16;9;13;0
539;20121;2012;1;17;1;0;PRIVADO RELIGIOSO;1;0;1;0.298;11;CONCURSO ORDINARIO DE ADMISION;LA MOLINA;LIMA;LIMA;3.419;12;13;7;3;6;12;2;9;0
540;20121;2012;1;17;1;0;PRIVADO RELIGIOSO;0;0;1;0.186;15;CONCURSO ORDINARIO DE ADMISION;BREÑA;LIMA;LIMA;11;12;12;11;10;10;12;6;4;0
541;20121;2012;1;18;1;0;ESTATAL;0;0;0;0.432;14;CONCURSO ORDINARIO DE ADMISION;NA;NA;NA;11;10;0;11;11;12;14;16;13;0
542;20121;2012;1;19;1;0;PRIVADO;0;0;1;0.326;13;CONCURSO ORDINARIO DE ADMISION;SAN JUAN DE LURIGANCHO;LIMA;LIMA;12.568;14;16;14;13;14;13;14;13;1
543;20121;2012;1;18;1;0;PRE-UNIVERSITARIO;0;1;1;0.313;14;CONCURSO ORDINARIO DE ADMISION;SAN MARTIN DE PORRES;LIMA;LIMA;18.511;13;8;12;12;13;15;4;11;0
544;20121;2012;1;16;1;0;PRIVADO;0;0;1;0.104;14;CONCURSO ORDINARIO DE ADMISION;NA;NA;NA;11;8;7;6;3;4;6;3;2;0
545;20121;2012;1;19;1;0;PRIVADO;0;0;1;0.322;15;CONCURSO ORDINARIO DE ADMISION;JESUS MARIA;LIMA;LIMA;11.027;14;15;11;13;14;13;12;15;1
546;20121;2012;1;16;1;0;OTROS;0;0;0;0.247;15;CONCURSO ORDINARIO DE ADMISION;CIENEGUILLA;LIMA;LIMA;15.193;13;16;12;9;13;14;10;11;0
547;20121;2012;1;18;1;0;PRIVADO;0;0;1;0.221;14;CONCURSO ORDINARIO DE ADMISION;ATE;LIMA;LIMA;3.641;12;15;11;12;13;12;5;13;0
548;20121;2012;1;20;0;0;PRIVADO;0;0;1;0.247;14;CONCURSO ORDINARIO DE ADMISION;LA MOLINA;LIMA;LIMA;1.879;15;13;12;7;14;15;10;5;0
549;20121;2012;1;18;1;0;ESTATAL MILITAR;0;0;0;0.103;13;CONCURSO ORDINARIO DE ADMISION;SAN MARTIN DE PORRES;LIMA;LIMA;19.126;14;15;11;12;12;12;2;11;0
551;20121;2012;1;17;1;0;PRE-UNIVERSITARIO;0;1;1;0.207;14;CONCURSO ORDINARIO DE ADMISION;LIMA;LIMA;LIMA;13.015;12;14;11;7;9;12;5;2;0
552;20121;2012;1;19;1;0;PRE-UNIVERSITARIO;0;1;1;0.3;14;CONCURSO ORDINARIO DE ADMISION;SAN MARTIN DE PORRES;LIMA;LIMA;14.425;15;16;15;14;15;18;13;12;1
553;20121;2012;1;17;1;0;ESTATAL;0;0;0;0.235;13;CONCURSO ORDINARIO DE ADMISION;SAN MARTIN DE PORRES;LIMA;LIMA;14;13;13;8;13;11;13;11;10;0
554;20121;2012;1;24;1;0;ESTATAL;0;0;0;0.33;15;CONCURSO ORDINARIO DE ADMISION;LIMA;LIMA;LIMA;10.145;16;18;5;11;14;14;7;11;0
555;20121;2012;1;17;0;0;PRIVADO;0;0;1;0.12;15;CONCURSO ORDINARIO DE ADMISION;LIMA;LIMA;LIMA;16.778;14;13;14;11;13;13;7;8;0
556;20121;2012;1;16;1;0;PRIVADO;0;0;1;0.335;13;CONCURSO ORDINARIO DE ADMISION;ATE;LIMA;LIMA;4.653;16;11;15;14;16;18;14;14;1
557;20121;2012;1;19;1;0;PRIVADO RELIGIOSO;0;0;1;0.427;15;CONCURSO ORDINARIO DE ADMISION;LA VICTORIA;LIMA;LIMA;8.425;14;16;16;12;15;15;6;12;0
558;20121;2012;1;18;1;0;PRIVADO;1;0;1;0.216;12;CONCURSO ORDINARIO DE ADMISION;LIMA;LIMA;LIMA;3.549;12;15;10;11;9;13;2;7;0
559;20121;2012;1;20;1;0;ESTATAL;0;0;0;0.784;15;CONCURSO ORDINARIO DE ADMISION;ATE;LIMA;LIMA;3.277;16;19;16;15;16;16;16;16;1
560;20121;2012;1;16;1;0;PRIVADO;0;0;1;0.135;14;CONCURSO ORDINARIO DE ADMISION;LIMA;LIMA;LIMA;11.428;11;12;6;8;9;12;2;8;0
561;20121;2012;1;21;1;0;NO ESCOLARIZADO;0;0;0;0.328;15;CONCURSO ORDINARIO DE ADMISION;SAN LUIS;LIMA;LIMA;5.477;10;18;11;7;4;11;9;11;0
563;20121;2012;1;18;1;0;PRIVADO;0;0;1;0.125;13;CONCURSO ORDINARIO DE ADMISION;LA MOLINA;LIMA;LIMA;6.083;10;0;7;9;8;12;0;1;0
564;20121;2012;1;16;1;0;PRIVADO;0;0;1;0.23;14;CONCURSO ORDINARIO DE ADMISION;EL AGUSTINO;LIMA;LIMA;8.393;12;13;12;11;10;16;9;11;0
565;20121;2012;1;17;0;0;PRE-UNIVERSITARIO;1;1;1;0.494;15;CONCURSO ORDINARIO DE ADMISION;LIMA;LIMA;LIMA;13.354;17;13;13;14;15;16;10;13;0
566;20121;2012;1;19;1;0;ESTATAL RELIGIOSO;0;0;0;0.381;15;CONCURSO ORDINARIO DE ADMISION;SAN JUAN DE LURIGANCHO;LIMA;LIMA;8.981;14;15;11;12;12;13;15;14;1
567;20121;2012;1;18;1;0;PRIVADO;0;0;1;0.303;15;CONCURSO ORDINARIO DE ADMISION;RIMAC;LIMA;LIMA;11.229;4;13;4;2;5;10;4;7;0
568;20121;2012;1;20;0;0;ESTATAL;0;0;0;0.394;14;CONCURSO ORDINARIO DE ADMISION;CARABAYLLO;LIMA;LIMA;15.864;14;13;14;12;15;13;16;13;1
571;20121;2012;1;16;0;0;PRIVADO;0;0;1;0.153;14;CONCURSO ORDINARIO DE ADMISION;LIMA;LIMA;LIMA;8.766;12;11;9;8;10;11;3;2;0
573;20121;2012;1;16;1;0;PRE-UNIVERSITARIO;0;1;1;0.286;13;CONCURSO ORDINARIO DE ADMISION;CHORRILLOS;LIMA;LIMA;17.177;11;15;10;12;13;13;11;12;0
574;20121;2012;1;16;1;0;PRE-UNIVERSITARIO;0;1;1;0.245;14;CONCURSO ORDINARIO DE ADMISION;LA MOLINA;LIMA;LIMA;5.002;13;16;11;9;13;15;7;10;0
576;20121;2012;1;18;1;0;PRE-UNIVERSITARIO;0;1;1;0.261;13;CONCURSO ORDINARIO DE ADMISION;VILLA EL SALVADOR;LIMA;LIMA;16.049;15;12;2;7;2;12;0;0;0
579;20121;2012;1;17;0;1;PRE-UNIVERSITARIO;0;1;1;0.115;14;CONCURSO ORDINARIO DE ADMISION;SAN BORJA;LIMA;LIMA;7.864;14;13;12;12;14;14;8;9;0
580;20121;2012;1;18;1;0;PRIVADO;0;0;1;0.142;13;CONCURSO ORDINARIO DE ADMISION;SAN MARTIN DE PORRES;LIMA;LIMA;19.132;9;9;4;7;6;11;3;9;0
582;20121;2012;1;17;1;0;PRE-UNIVERSITARIO;0;1;1;0.178;14;CONCURSO ORDINARIO DE ADMISION;SAN MARTIN DE PORRES;LIMA;LIMA;18.219;8;16;12;7;11;11;6;11;0
583;20121;2012;1;17;0;1;PRIVADO;0;0;1;0.247;12;CONCURSO ORDINARIO DE ADMISION;GROCIO PRADO;CHINCHA;ICA;11;16;15;13;10;13;13;7;12;0
584;20121;2012;1;18;0;0;ESTATAL;0;0;0;0.133;14;CONCURSO ORDINARIO DE ADMISION;SAN MARTIN DE PORRES;LIMA;LIMA;15.284;11;5;9;6;9;9;2;1;0
585;20121;2012;1;27;0;1;NA;0;0;0;0.2924;16;EXONERADO CENTRO PREUNIVERSITARIO;EL AGUSTINO;LIMA;LIMA;6.757;16;17;15;13;13;14;4;8;0
586;20121;2012;1;18;1;1;NA;0;0;0;0.3212;15;EXONERADO CENTRO PREUNIVERSITARIO;LA PERLA;CALLAO;CALLAO;18.255;13;15;12;11;11;14;2;5;0
587;20121;2012;1;19;1;1;NA;0;0;0;0.0334;14;EXONERADO CENTRO PREUNIVERSITARIO;CALLAO;CALLAO;CALLAO;17.795;14;15;12;12;11;15;6;11;0
588;20121;2012;1;17;1;1;NA;0;0;0;0.5282;13;EXONERADO CENTRO PREUNIVERSITARIO;ATE;LIMA;LIMA;4.68;12;12;11;11;12;13;11;3;0
589;20121;2012;1;19;1;1;NA;0;0;0;0.4244;14;EXONERADO CENTRO PREUNIVERSITARIO;PACHACAMAC;LIMA;LIMA;11.644;14;14;11;11;8;11;10;10;0
590;20121;2012;1;19;1;1;NA;0;0;0;0.30885;15;EXONERADO CENTRO PREUNIVERSITARIO;SAN JUAN DE LURIGANCHO;LIMA;LIMA;14.464;13;16;11;9;12;12;2;9;0
591;20121;2012;1;19;0;1;NA;0;0;0;0.45735;13;EXONERADO CENTRO PREUNIVERSITARIO;ATE;LIMA;LIMA;2.558;17;15;17;13;15;17;16;15;1
592;20121;2012;1;19;1;1;NA;0;0;0;0.3332;14;EXONERADO CENTRO PREUNIVERSITARIO;LOS OLIVOS;LIMA;LIMA;15.56;15;10;11;8;11;15;2;4;0
593;20121;2012;1;18;1;1;NA;0;0;0;0.2672;14;EXONERADO CENTRO PREUNIVERSITARIO;COMAS;LIMA;LIMA;20.562;9;0;6;6;8;8;2;8;0
595;20121;2012;1;17;1;0;PRE-UNIVERSITARIO;0;1;1;0.487142857;13;EXONERADO POR CONVENIO DE EXCELENCIA;LINCE;LIMA;LIMA;11.028;12;13;11;11;12;13;3;11;0
596;20121;2012;1;17;1;0;ESTATAL RELIGIOSO;0;0;0;0.434285714;14;EXONERADO POR CONVENIO DE EXCELENCIA;CALLAO;CALLAO;CALLAO;17.313;3;0;7;2;7;7;0;2;0
598;20121;2012;1;17;1;0;PRIVADO;1;0;1;0.4;13;EXONERADO POR CONVENIO DE EXCELENCIA;SAN BORJA;LIMA;LIMA;6.411;13;11;10;10;11;14;6;7;0
599;20121;2012;1;16;1;0;PRE-UNIVERSITARIO;0;1;1;0.521428571;15;EXONERADO POR CONVENIO DE EXCELENCIA;SANTIAGO DE SURCO;LIMA;LIMA;12.016;9;15;10;11;13;14;9;10;0
600;20121;2012;1;17;1;0;ESTATAL;0;0;0;0.131428571;15;EXONERADO POR CONVENIO DE EXCELENCIA;EL AGUSTINO;LIMA;LIMA;5.249;10;14;10;9;8;11;1;1;0
601;20121;2012;1;17;1;0;PRE-UNIVERSITARIO;0;1;1;0.735;14;EXONERADO POR PRIMERA ALTERNATIVA;BREÑA;LIMA;LIMA;10.852;12;14;12;10;11;13;9;10;0
603;20121;2012;1;16;1;0;PRE-UNIVERSITARIO;0;1;1;0.816428571;15;EXONERADO POR PRIMERA ALTERNATIVA;CHORRILLOS;LIMA;LIMA;14.21;14;15;13;14;15;15;11;13;1
606;20121;2012;1;16;0;0;PRIVADO RELIGIOSO;0;0;1;0.809285714;13;EXONERADO POR PRIMERA ALTERNATIVA;SANTA ANITA;LIMA;LIMA;4.042;17;11;14;15;15;17;14;13;1
607;20121;2012;1;17;1;0;PRIVADO RELIGIOSO;0;0;1;0.606428571;14;EXONERADO POR PRIMERA ALTERNATIVA;LA VICTORIA;LIMA;LIMA;8.425;9;15;9;9;10;11;7;4;0
608;20121;2012;1;17;1;0;PRE-UNIVERSITARIO;0;1;1;0.638571429;13;EXONERADO POR PRIMERA ALTERNATIVA;BELLAVISTA;CALLAO;CALLAO;17.766;15;15;12;11;12;16;10;7;0
609;20121;2012;1;17;1;0;PRE-UNIVERSITARIO;1;1;1;0.640714286;14;EXONERADO POR PRIMERA ALTERNATIVA;LINCE;LIMA;LIMA;16.748;12;13;10;11;9;13;1;8;0
610;20121;2012;1;17;0;0;PRIVADO;0;0;1;0.834285714;14;EXONERADO POR PRIMERA ALTERNATIVA;LINCE;LIMA;LIMA;16.748;15;16;13;13;13;14;4;10;0
611;20121;2012;1;16;1;0;PRIVADO;0;0;1;0.832857143;14;EXONERADO POR PRIMERA ALTERNATIVA;LA MOLINA;LIMA;LIMA;1.847;9;18;15;13;13;14;8;8;0
612;20121;2012;1;17;1;0;PRE-UNIVERSITARIO;0;1;1;0.637857143;15;EXONERADO POR PRIMERA ALTERNATIVA;LA VICTORIA;LIMA;LIMA;7.305;10;5;10;3;7;9;1;5;0
613;20121;2012;1;17;0;0;PRE-UNIVERSITARIO;0;1;1;0.698571429;12;EXONERADO POR PRIMERA ALTERNATIVA;SAN MARTIN DE PORRES;LIMA;LIMA;14.635;14;13;11;13;12;14;8;9;0
614;20121;2012;1;17;1;0;PRIVADO;1;0;1;0.702857143;15;EXONERADO POR PRIMERA ALTERNATIVA;VILLA EL SALVADOR;LIMA;LIMA;16.049;0;0;0;0;0;3;2;2;0
615;20121;2012;1;17;1;0;PRE-UNIVERSITARIO;0;1;1;0.587142857;14;EXONERADO POR PRIMERA ALTERNATIVA;PUEBLO LIBRE;LIMA;LIMA;13.867;10;14;8;8;8;11;5;3;0
616;20121;2012;1;17;1;0;PRE-UNIVERSITARIO;0;1;1;0.890714286;15;EXONERADO POR PRIMERA ALTERNATIVA;VENTANILLA;CALLAO;CALLAO;29.473;13;13;9;11;12;12;5;10;0
617;20121;2012;1;16;0;0;PRIVADO;0;0;1;0.743571429;13;EXONERADO POR PRIMERA ALTERNATIVA;LA PERLA;CALLAO;CALLAO;18.819;12;16;12;10;9;11;6;4;0
620;20121;2012;1;16;1;0;PRIVADO;0;0;1;0.568571429;14;EXONERADO POR PRIMERA ALTERNATIVA;SANTA ANITA;LIMA;LIMA;4.05;11;17;6;7;7;8;2;3;0
621;20121;2012;1;17;0;0;PRIVADO;0;0;1;0.705714286;15;EXONERADO POR PRIMERA ALTERNATIVA;COMAS;LIMA;LIMA;18.168;7;13;9;7;5;9;3;3;0
622;20121;2012;1;17;1;0;PRE-UNIVERSITARIO;0;1;1;0.686428571;14;EXONERADO POR PRIMERA ALTERNATIVA;SAN MARTIN DE PORRES;LIMA;LIMA;15.284;13;17;12;12;12;13;2;9;0
624;20121;2012;1;17;1;0;ESTATAL RELIGIOSO;0;0;0;0.93;13;EXONERADO POR PRIMERA ALTERNATIVA;PUEBLO LIBRE;LIMA;LIMA;13.097;13;11;14;13;13;13;12;14;1
625;20121;2012;1;17;0;0;PRE-UNIVERSITARIO;0;1;1;0.945714286;14;EXONERADO POR PRIMERA ALTERNATIVA;ATE;LIMA;LIMA;2.411;16;12;15;14;15;17;9;12;0
626;20121;2012;1;17;1;0;PRE-UNIVERSITARIO;0;1;1;0.890714286;14;EXONERADO POR PRIMERA ALTERNATIVA;LIMA;LIMA;LIMA;14.322;15;17;11;12;12;13;9;11;0
627;20121;2012;1;17;0;0;PRIVADO;0;0;1;0.982857143;15;EXONERADO POR PRIMERA ALTERNATIVA;PUEBLO LIBRE;LIMA;LIMA;13.674;14;18;13;12;14;16;11;14;1
628;20121;2012;1;17;1;0;PRIVADO;0;0;1;0.807857143;15;EXONERADO POR PRIMERA ALTERNATIVA;LA PERLA;CALLAO;CALLAO;18.328;10;13;14;11;14;14;10;11;0
629;20121;2012;1;17;1;0;PRIVADO RELIGIOSO;0;0;1;0.774285714;14;EXONERADO POR PRIMERA ALTERNATIVA;LA VICTORIA;LIMA;LIMA;8.799;13;13;14;12;11;15;3;10;0
630;20121;2012;1;17;1;0;PRIVADO;0;0;1;0.061428571;14;EXONERADO POR PRIMERA ALTERNATIVA;SURQUILLO;LIMA;LIMA;9.154;12;11;9;9;11;13;4;3;0
632;20121;2012;1;17;1;0;PRIVADO;0;0;1;0.684285714;14;EXONERADO POR PRIMERA ALTERNATIVA;VILLA EL SALVADOR;LIMA;LIMA;11.302;2;12;6;2;1;4;0;1;0
633;20121;2012;1;16;1;0;PRE-UNIVERSITARIO;0;1;1;0.830714286;15;EXONERADO POR PRIMERA ALTERNATIVA;SAN JUAN DE LURIGANCHO;LIMA;LIMA;10.44;13;12;14;11;13;14;4;11;0
634;20121;2012;1;16;1;0;PRIVADO;0;0;1;0.809285714;15;EXONERADO POR PRIMERA ALTERNATIVA;SAN MIGUEL;LIMA;LIMA;14.29;13;13;12;12;13;16;1;11;0
635;20121;2012;1;17;1;0;PRIVADO RELIGIOSO;0;0;1;0.737857143;14;EXONERADO POR PRIMERA ALTERNATIVA;SAN JUAN DE LURIGANCHO;LIMA;LIMA;6.167;13;15;8;12;14;15;5;10;0
636;20121;2012;1;17;1;0;PRIVADO;0;0;1;0.602142857;15;EXONERADO POR PRIMERA ALTERNATIVA;EL AGUSTINO;LIMA;LIMA;6.406;5;10;4;2;8;8;3;4;0
637;20121;2012;1;18;1;0;PRIVADO;1;0;1;0.652857143;13;EXONERADO POR PRIMERA ALTERNATIVA;SAN ISIDRO;LIMA;LIMA;11.064;13;17;10;11;13;14;4;9;0
638;20121;2012;1;17;1;0;PRE-UNIVERSITARIO;0;1;1;0.722142857;15;EXONERADO POR PRIMERA ALTERNATIVA;LURIGANCHO (CHOSICA);LIMA;LIMA;12.047;12;11;9;10;12;13;4;9;0
639;20121;2012;1;17;0;0;PRE-UNIVERSITARIO;0;1;1;0.498571429;15;EXONERADO POR PRIMERA ALTERNATIVA;VILLA MARIA DEL TRIUNFO;LIMA;LIMA;14.345;11;10;10;7;10;12;2;1;0
640;20121;2012;1;17;1;0;ESTATAL;0;0;0;0.590714286;15;EXONERADO POR PRIMERA ALTERNATIVA;SAN MARTIN DE PORRES;LIMA;LIMA;12.942;13;13;10;10;11;14;4;4;0
642;20121;2012;1;17;1;0;ESTATAL;0;0;0;0.897142857;15;EXONERADO POR PRIMERA ALTERNATIVA;EL AGUSTINO;LIMA;LIMA;7.577;13;14;14;12;14;13;11;14;1
643;20121;2012;1;17;1;0;PRE-UNIVERSITARIO;0;1;1;0.56;15;EXONERADO POR PRIMERA ALTERNATIVA;LOS OLIVOS;LIMA;LIMA;16.217;14;12;12;10;12;13;2;3;0
644;20121;2012;1;16;1;0;PRE-UNIVERSITARIO;1;1;1;0.717142857;13;EXONERADO POR PRIMERA ALTERNATIVA;SANTA ANITA;LIMA;LIMA;3.614;12;17;10;8;11;13;2;10;0
645;20121;2012;1;18;1;0;PRIVADO RELIGIOSO;0;0;1;0.865;15;EXONERADO POR PRIMERA ALTERNATIVA;LINCE;LIMA;LIMA;10.144;14;12;12;13;14;15;15;14;1
646;20121;2012;1;18;1;0;PRIVADO;0;0;1;0.632857143;15;EXONERADO POR PRIMERA ALTERNATIVA;RIMAC;LIMA;LIMA;11.196;11;9;11;11;12;12;3;2;0
647;20121;2012;1;17;0;0;PRIVADO RELIGIOSO;0;0;1;1.045714286;15;EXONERADO POR PRIMERA ALTERNATIVA;CARABAYLLO;LIMA;LIMA;23.438;15;15;15;15;15;16;13;14;1
648;20121;2012;1;16;1;0;PRIVADO;0;0;1;1.001428571;15;EXONERADO POR PRIMERA ALTERNATIVA;LA MOLINA;LIMA;LIMA;0.953;15;16;16;13;14;16;11;15;1
657;20122;2012;2;18;1;0;PRIVADO RELIGIOSO;0;0;1;0.362;14;CONCURSO ORDINARIO DE ADMISION;ATE;LIMA;LIMA;4.027;14;0;12;11;11;14;2;8;0
659;20122;2012;2;21;1;0;ESTATAL;0;0;0;0.333;15;CONCURSO ORDINARIO DE ADMISION;LA VICTORIA;LIMA;LIMA;19.846;15;16;14;12;15;15;13;14;1
660;20122;2012;2;20;1;0;PRIVADO;0;0;1;0.397;16;CONCURSO ORDINARIO DE ADMISION;SAN MARTIN DE PORRES;LIMA;LIMA;15.924;14;13;17;13;14;14;9;10;0
661;20122;2012;2;17;1;0;PRIVADO;0;0;1;0.326;14;CONCURSO ORDINARIO DE ADMISION;LIMA;LIMA;LIMA;12.681;15;17;11;11;16;12;15;14;1
662;20122;2012;2;17;1;0;PRIVADO;0;0;1;0.396;15;CONCURSO ORDINARIO DE ADMISION;BREÑA;LIMA;LIMA;11.626;16;17;15;14;16;16;18;16;1
663;20122;2012;2;16;1;0;PRE-UNIVERSITARIO;0;1;1;0.453;14;CONCURSO ORDINARIO DE ADMISION;BREÑA;LIMA;LIMA;12.064;11;15;14;11;12;13;13;15;1
664;20122;2012;2;19;1;0;PRIVADO;1;0;1;0.228;14;CONCURSO ORDINARIO DE ADMISION;SANTIAGO DE SURCO;LIMA;LIMA;10.075;15;14;11;12;11;13;8;12;0
666;20122;2012;2;19;1;0;PRIVADO;0;0;1;0.201;14;CONCURSO ORDINARIO DE ADMISION;SAN JUAN DE MIRAFLORES;LIMA;LIMA;13.302;0;6;0;1;0;7;1;3;0
667;20122;2012;2;17;1;0;PRIVADO;0;0;1;0.273;15;CONCURSO ORDINARIO DE ADMISION;SAN MARTIN DE PORRES;LIMA;LIMA;16.703;15;12;14;11;11;11;11;12;1
668;20122;2012;2;17;1;0;PRIVADO;0;0;1;0.208;15;CONCURSO ORDINARIO DE ADMISION;VILLA EL SALVADOR;LIMA;LIMA;16.049;4;7;3;5;5;6;0;1;0
669;20122;2012;2;20;1;0;PRE-UNIVERSITARIO;0;1;1;0.272;14;CONCURSO ORDINARIO DE ADMISION;SAN JUAN DE MIRAFLORES;LIMA;LIMA;7.601;14;4;9;11;11;12;3;10;0
670;20122;2012;2;17;1;0;PRIVADO;0;0;1;0.302;14;CONCURSO ORDINARIO DE ADMISION;SURQUILLO;LIMA;LIMA;10.188;10;7;6;2;3;8;0;7;0
671;20122;2012;2;17;0;0;ESTATAL;0;0;0;0.348;15;CONCURSO ORDINARIO DE ADMISION;ATE;LIMA;LIMA;5.979;17;19;16;15;18;17;19;18;1
672;20122;2012;2;18;1;1;PRIVADO;0;0;1;0.222;14;CONCURSO ORDINARIO DE ADMISION;LA PERLA;CALLAO;CALLAO;18.819;15;13;11;11;12;15;1;4;0
677;20122;2012;2;18;1;0;PRIVADO;0;0;1;0.378;15;CONCURSO ORDINARIO DE ADMISION;SAN JUAN DE LURIGANCHO;LIMA;LIMA;15.844;15;11;12;12;11;14;12;12;1
678;20122;2012;2;17;1;0;PRIVADO;1;0;1;0.3;14;CONCURSO ORDINARIO DE ADMISION;PUEBLO LIBRE;LIMA;LIMA;13.839;14;13;8;9;7;8;0;3;0
680;20122;2012;2;17;1;0;ESTATAL;0;0;0;0.338;14;CONCURSO ORDINARIO DE ADMISION;SANTIAGO DE SURCO;LIMA;LIMA;8.166;16;14;13;11;13;15;3;10;0
681;20122;2012;2;18;1;0;PRIVADO;0;0;1;0.2;14;CONCURSO ORDINARIO DE ADMISION;LA VICTORIA;LIMA;LIMA;8.151;16;16;11;13;13;13;5;9;0
682;20122;2012;2;19;1;0;ESTATAL;0;0;0;0.295;13;CONCURSO ORDINARIO DE ADMISION;SAN JUAN DE LURIGANCHO;LIMA;LIMA;8.698;14;0;8;9;10;12;10;11;0
683;20122;2012;2;21;1;0;PRIVADO;0;0;1;0.285;15;CONCURSO ORDINARIO DE ADMISION;SAN JUAN DE MIRAFLORES;LIMA;LIMA;10.313;15;15;12;13;17;12;9;14;0
684;20122;2012;2;19;1;0;ESTATAL;0;0;0;0.377;15;CONCURSO ORDINARIO DE ADMISION;INDEPENDENCIA;LIMA;LIMA;15.187;15;13;10;11;12;14;11;12;0
686;20122;2012;2;18;1;0;PRIVADO;0;0;1;0.308;15;CONCURSO ORDINARIO DE ADMISION;SAN MARTIN DE PORRES;LIMA;LIMA;17.376;13;14;10;12;13;12;4;8;0
687;20122;2012;2;18;1;0;ESTATAL RELIGIOSO;0;0;0;0.198;15;CONCURSO ORDINARIO DE ADMISION;BREÑA;LIMA;LIMA;12.5;15;14;8;11;8;11;5;10;0
688;20122;2012;2;20;1;0;ESTATAL MILITAR;0;0;0;0.397;15;CONCURSO ORDINARIO DE ADMISION;SAN JUAN DE LURIGANCHO;LIMA;LIMA;9.457;16;16;13;11;14;14;5;11;0
690;20122;2012;2;18;1;0;PRE-UNIVERSITARIO;0;1;1;0.355;15;CONCURSO ORDINARIO DE ADMISION;CALLAO;CALLAO;CALLAO;18.374;15;13;10;12;14;12;13;14;0
692;20122;2012;2;17;0;0;ESTATAL;0;0;0;0.176;13;CONCURSO ORDINARIO DE ADMISION;VILLA MARIA DEL TRIUNFO;LIMA;LIMA;17.413;14;18;10;11;8;12;2;7;0
693;20122;2012;2;19;1;0;PRE-UNIVERSITARIO;0;1;1;0.252;15;CONCURSO ORDINARIO DE ADMISION;LOS OLIVOS;LIMA;LIMA;19.868;10;11;9;11;10;10;1;3;0
695;20122;2012;2;16;1;0;ESTATAL;1;0;0;0.252;13;CONCURSO ORDINARIO DE ADMISION;SANTA ANITA;LIMA;LIMA;4.077;14;16;9;11;10;12;2;7;0
696;20122;2012;2;17;1;0;PRIVADO;0;0;1;0.285;13;CONCURSO ORDINARIO DE ADMISION;SAN BORJA;LIMA;LIMA;7.864;14;14;10;11;9;11;5;11;0
697;20122;2012;2;17;1;0;PRE-UNIVERSITARIO;0;1;1;0.536;14;CONCURSO ORDINARIO DE ADMISION;ATE;LIMA;LIMA;4.286;15;0;9;11;9;9;12;13;0
698;20122;2012;2;17;1;0;PRIVADO;0;0;1;0.353;15;CONCURSO ORDINARIO DE ADMISION;CHORRILLOS;LIMA;LIMA;17.177;15;12;10;11;10;13;1;5;0
700;20122;2012;2;17;1;0;PRE-UNIVERSITARIO;0;1;1;0.253;15;CONCURSO ORDINARIO DE ADMISION;LA MOLINA;LIMA;LIMA;0.732;14;18;12;12;14;13;9;12;0
701;20122;2012;2;18;0;0;PRIVADO;0;0;1;0.367;13;CONCURSO ORDINARIO DE ADMISION;CALLAO;CALLAO;CALLAO;21.632;16;0;11;13;15;12;11;12;0
702;20122;2012;2;19;1;0;PRIVADO;0;0;1;0.243;15;CONCURSO ORDINARIO DE ADMISION;LIMA;LIMA;LIMA;13.96;14;16;13;11;11;15;3;11;0
703;20122;2012;2;17;1;0;ESTATAL;0;0;0;0.235;15;CONCURSO ORDINARIO DE ADMISION;VILLA EL SALVADOR;LIMA;LIMA;16.049;15;13;11;11;11;11;1;2;0
706;20122;2012;2;18;1;0;PRIVADO;0;0;1;0.329;15;CONCURSO ORDINARIO DE ADMISION;CHORRILLOS;LIMA;LIMA;14.73;14;8;9;8;6;7;1;7;0
707;20122;2012;2;17;1;0;ESTATAL;0;0;0;0.263;14;CONCURSO ORDINARIO DE ADMISION;CHORRILLOS;LIMA;LIMA;16.814;14;17;12;12;12;12;3;11;0
708;20122;2012;2;17;1;0;PRE-UNIVERSITARIO;0;1;1;0.288;14;CONCURSO ORDINARIO DE ADMISION;SANTA ROSA;LIMA;LIMA;38.285;13;14;13;11;10;12;5;8;0
709;20122;2012;2;16;1;0;ESTATAL;0;0;0;0.313;14;CONCURSO ORDINARIO DE ADMISION;CALLAO;CALLAO;CALLAO;21.373;16;11;14;12;11;14;11;12;1
710;20122;2012;2;19;1;0;ESTATAL;0;0;0;0.305;15;CONCURSO ORDINARIO DE ADMISION;LIMA;LIMA;LIMA;9.522;13;14;10;11;10;12;2;6;0
712;20122;2012;2;17;1;0;PRIVADO RELIGIOSO;0;0;1;0.345;15;CONCURSO ORDINARIO DE ADMISION;LA MOLINA;LIMA;LIMA;1.343;15;14;15;13;16;13;9;10;0
713;20122;2012;2;16;1;0;PRIVADO RELIGIOSO;0;0;1;0.342;14;CONCURSO ORDINARIO DE ADMISION;LA PERLA;CALLAO;CALLAO;18.443;14;12;9;11;9;12;1;7;0
714;20122;2012;2;18;0;0;PRE-UNIVERSITARIO;0;1;1;0.345;13;CONCURSO ORDINARIO DE ADMISION;CALLAO;CALLAO;CALLAO;18.37;14;15;10;8;13;10;1;3;0
715;20122;2012;2;16;1;0;PRIVADO;0;0;1;0.189;11;CONCURSO ORDINARIO DE ADMISION;ATE;LIMA;LIMA;4.027;12;14;9;2;7;7;0;6;0
716;20122;2012;2;17;1;0;PRIVADO;0;0;1;0.287;15;CONCURSO ORDINARIO DE ADMISION;SAN JUAN DE MIRAFLORES;LIMA;LIMA;11.842;15;12;11;7;14;14;15;13;0
717;20122;2012;2;19;1;0;ESTATAL;0;0;0;0.199;14;CONCURSO ORDINARIO DE ADMISION;VENTANILLA;CALLAO;CALLAO;15.781;11;0;8;7;8;7;0;4;0
718;20122;2012;2;18;1;0;PRIVADO;0;0;1;0.201;15;CONCURSO ORDINARIO DE ADMISION;ATE;LIMA;LIMA;7.204;5;4;5;1;2;8;1;3;0
719;20122;2012;2;18;1;0;PRE-UNIVERSITARIO;0;1;1;0.308;15;CONCURSO ORDINARIO DE ADMISION;SANTA ANITA;LIMA;LIMA;4.412;14;12;11;11;10;11;5;8;0
720;20122;2012;2;17;1;0;ESTATAL;1;0;0;0.438;14;CONCURSO ORDINARIO DE ADMISION;ATE;LIMA;LIMA;4.644;16;14;11;11;14;12;7;9;0
721;20122;2012;2;17;0;0;PRIVADO;0;0;1;0.164;15;CONCURSO ORDINARIO DE ADMISION;SAN JUAN DE MIRAFLORES;LIMA;LIMA;9.488;13;16;10;11;14;14;2;6;0
722;20122;2012;2;17;0;0;ESTATAL;0;0;0;0.133;14;CONCURSO ORDINARIO DE ADMISION;SAN JUAN DE LURIGANCHO;LIMA;LIMA;6.51;14;11;12;9;11;16;2;5;0
723;20122;2012;2;27;1;1;NO ESCOLARIZADO;0;0;0;0.384;15;CONCURSO ORDINARIO DE ADMISION;RIMAC;LIMA;LIMA;10.992;16;16;13;13;14;15;14;11;1
724;20122;2012;2;17;0;0;OTROS;0;0;0;0.157;13;CONCURSO ORDINARIO DE ADMISION;LURIGANCHO (CHOSICA);LIMA;LIMA;30.822;14;15;14;12;11;13;1;4;0
725;20122;2012;2;21;1;0;ESTATAL;0;0;0;0.4311;13;EXONERADO CENTRO PREUNIVERSITARIO;LA MOLINA;LIMA;LIMA;1.572;12;14;14;4;9;12;13;13;0
726;20122;2012;2;17;0;0;ESTATAL;0;0;0;0.3194;15;EXONERADO CENTRO PREUNIVERSITARIO;LA VICTORIA;LIMA;LIMA;7.984;10;10;10;2;6;9;0;2;0
727;20122;2012;2;17;0;0;ESTATAL;0;0;0;0.2748;15;EXONERADO CENTRO PREUNIVERSITARIO;SAN MARTIN DE PORRES;LIMA;LIMA;15.938;0;0;2;2;2;2;0;3;0
728;20122;2012;2;17;1;0;PRIVADO;0;0;1;0.3792;15;EXONERADO CENTRO PREUNIVERSITARIO;SANTA ANITA;LIMA;LIMA;4.455;15;14;12;12;14;12;10;13;0
729;20122;2012;2;17;0;1;ESTATAL;0;0;0;0.2944;14;EXONERADO CENTRO PREUNIVERSITARIO;JESUS MARIA;LIMA;LIMA;12.373;17;17;13;13;17;15;4;11;0
730;20122;2012;2;22;1;0;ESTATAL;0;0;0;0.2588;15;EXONERADO CENTRO PREUNIVERSITARIO;LURIGANCHO (CHOSICA);LIMA;LIMA;8.082;14;11;7;12;7;13;0;3;0
731;20122;2012;2;19;1;0;ESTATAL;0;0;0;0.3356;15;EXONERADO CENTRO PREUNIVERSITARIO;SAN JUAN DE MIRAFLORES;LIMA;LIMA;11.112;16;9;6;3;9;5;0;2;0
732;20122;2012;2;18;1;0;PRIVADO;0;0;1;0.2544;14;EXONERADO CENTRO PREUNIVERSITARIO;LA MOLINA;LIMA;LIMA;3.58;14;12;10;10;11;12;1;6;0
733;20122;2012;2;17;1;0;ESTATAL;0;0;0;0.53695;14;EXONERADO CENTRO PREUNIVERSITARIO;SANTA ANITA;LIMA;LIMA;3.206;14;1;12;11;9;13;4;9;0
734;20122;2012;2;40;0;0;PRE-UNIVERSITARIO;0;1;1;0.551428571;13;EXONERADO GRADO/TITULO PROF.;CALLAO;CALLAO;CALLAO;21.711;17;14;15;13;18;15;12;14;1
735;20122;2012;2;18;1;0;ESTATAL RELIGIOSO;1;0;0;0.338571429;15;EXONERADO TERCIO SUPERIOR;ATE;LIMA;LIMA;11;16;12;14;11;10;13;3;8;0
736;20122;2012;2;18;1;0;PRIVADO;0;0;1;0.462857143;15;EXONERADO TERCIO SUPERIOR;ATE;LIMA;LIMA;11.319;16;15;13;12;16;15;7;11;0
744;20131;2013;1;18;1;0;PRIVADO;0;0;1;0.46;15;CONCURSO ORDINARIO DE ADMISION;ATE;LIMA;LIMA;7.632;13;12;16;16;14;13;17;13;1
745;20131;2013;1;18;1;0;PRIVADO;0;0;1;0.15;15;CONCURSO ORDINARIO DE ADMISION;PUENTE PIEDRA;LIMA;LIMA;27.791;9;13;8;11;11;12;3;4;0
746;20131;2013;1;16;1;0;PRIVADO;0;0;1;0.186;14;CONCURSO ORDINARIO DE ADMISION;LOS OLIVOS;LIMA;LIMA;16.938;13;-1;18;15;12;12;6;9;0
748;20131;2013;1;16;0;0;PRIVADO;0;0;1;0.131;15;CONCURSO ORDINARIO DE ADMISION;PACHACAMAC;LIMA;LIMA;13.359;8;13;11;14;14;10;2;2;0
749;20131;2013;1;17;0;0;PRE-UNIVERSITARIO;0;1;1;0.401;10;CONCURSO ORDINARIO DE ADMISION;LOS OLIVOS;LIMA;LIMA;20.149;16;13;17;17;17;15;13;13;1
750;20131;2013;1;18;1;0;PRIVADO;1;0;1;0.43;15;CONCURSO ORDINARIO DE ADMISION;LIMA;LIMA;LIMA;11.25;14;14;12;11;13;13;15;12;1
751;20131;2013;1;21;1;0;PRIVADO;0;0;1;0.274;15;CONCURSO ORDINARIO DE ADMISION;LIMA;LIMA;LIMA;13.566;12;13;5;12;11;11;0;1;0
752;20131;2013;1;18;1;0;OTROS;0;0;0;0.449;13;CONCURSO ORDINARIO DE ADMISION;SANTA ANITA;LIMA;LIMA;4.643;8;14;13;7;12;10;10;6;0
753;20131;2013;1;16;1;0;PRE-UNIVERSITARIO;0;1;1;0.221;15;CONCURSO ORDINARIO DE ADMISION;SANTIAGO DE SURCO;LIMA;LIMA;12.016;12;13;11;14;13;13;10;9;0
754;20131;2013;1;20;1;0;ESTATAL;0;0;0;0.387;14;CONCURSO ORDINARIO DE ADMISION;LOS OLIVOS;LIMA;LIMA;17.911;6;5;4;8;8;5;2;3;0
755;20131;2013;1;17;0;0;ESTATAL;0;0;0;0.356;14;CONCURSO ORDINARIO DE ADMISION;SANTIAGO DE SURCO;LIMA;LIMA;11.525;16;18;15;16;16;15;17;14;1
757;20131;2013;1;17;1;0;PRIVADO;0;0;1;0.283;14;CONCURSO ORDINARIO DE ADMISION;LA VICTORIA;LIMA;LIMA;7.89;9;0;7;2;9;2;2;3;0
758;20131;2013;1;18;1;1;PRIVADO;0;0;1;0.269;15;CONCURSO ORDINARIO DE ADMISION;HUANTA;HUANTA;AYACUCHO;11;11;17;3;14;11;11;1;3;0
759;20131;2013;1;19;1;0;ESTATAL RELIGIOSO;0;0;0;0.528;14;CONCURSO ORDINARIO DE ADMISION;SAN JUAN DE LURIGANCHO;LIMA;LIMA;10.38;16;15;14;15;13;13;17;15;1
761;20131;2013;1;17;1;0;PRIVADO;0;0;1;0.336;14;CONCURSO ORDINARIO DE ADMISION;LOS OLIVOS;LIMA;LIMA;17.233;15;11;11;15;12;12;9;8;0
762;20131;2013;1;19;1;0;PRIVADO RELIGIOSO;0;0;1;0.446;15;CONCURSO ORDINARIO DE ADMISION;VENTANILLA;CALLAO;CALLAO;27.721;18;-1;17;15;16;19;18;16;0
763;20131;2013;1;16;1;0;ESTATAL;0;0;0;0.139;15;CONCURSO ORDINARIO DE ADMISION;SAN JUAN DE MIRAFLORES;LIMA;LIMA;10.414;12;12;8;14;12;12;0;4;0
764;20131;2013;1;18;1;0;PRIVADO;0;0;1;0.216;15;CONCURSO ORDINARIO DE ADMISION;SAN MARTIN DE PORRES;LIMA;LIMA;20.205;12;15;11;8;12;12;2;7;0
765;20131;2013;1;18;1;0;PRIVADO;0;0;1;0.344;15;CONCURSO ORDINARIO DE ADMISION;ATE;LIMA;LIMA;6.281;12;13;10;12;12;9;7;10;0
766;20131;2013;1;19;1;0;PRIVADO;0;0;1;0.558;15;CONCURSO ORDINARIO DE ADMISION;COMAS;LIMA;LIMA;20.834;8;14;11;9;14;10;7;10;0
767;20131;2013;1;18;1;0;ESTATAL;0;0;0;0.151;15;CONCURSO ORDINARIO DE ADMISION;COMAS;LIMA;LIMA;20.082;10;11;7;11;11;11;2;4;0
768;20131;2013;1;19;1;0;PRE-UNIVERSITARIO;0;1;1;0.23;14;CONCURSO ORDINARIO DE ADMISION;LA MOLINA;LIMA;LIMA;1.104;16;15;14;16;16;14;10;11;0
769;20131;2013;1;17;1;0;NO ESCOLARIZADO;1;0;0;0.343;15;CONCURSO ORDINARIO DE ADMISION;LA MOLINA;LIMA;LIMA;0.976;13;18;11;12;11;11;1;7;0
770;20131;2013;1;20;1;0;PRE-UNIVERSITARIO;0;1;1;0.346;16;CONCURSO ORDINARIO DE ADMISION;SAN MARTIN DE PORRES;LIMA;LIMA;14.908;13;13;10;14;13;13;3;8;0
771;20131;2013;1;16;1;0;ESTATAL;0;0;0;0.375;13;CONCURSO ORDINARIO DE ADMISION;SANTA ANITA;LIMA;LIMA;4.842;4;15;5;3;5;8;0;2;0
772;20131;2013;1;17;1;0;PRIVADO;0;0;1;0.409;12;CONCURSO ORDINARIO DE ADMISION;SANTIAGO DE SURCO;LIMA;LIMA;11.346;15;15;12;13;14;14;18;14;1
773;20131;2013;1;21;1;0;ESTATAL;0;0;0;0.494;14;CONCURSO ORDINARIO DE ADMISION;SAN MARTIN DE PORRES;LIMA;LIMA;15.806;11;-1;16;17;14;14;8;9;0
774;20131;2013;1;17;1;1;PRIVADO;0;0;1;0.288;15;CONCURSO ORDINARIO DE ADMISION;CARABAYLLO;LIMA;LIMA;22.082;12;15;13;13;12;11;9;11;0
775;20131;2013;1;16;1;1;PRIVADO;0;0;1;0.483;14;CONCURSO ORDINARIO DE ADMISION;LA MOLINA;LIMA;LIMA;3.34;13;13;12;16;13;12;9;8;0
776;20131;2013;1;16;1;0;PRIVADO;0;0;1;0.205;14;CONCURSO ORDINARIO DE ADMISION;SANTA ANITA;LIMA;LIMA;4.294;2;0;3;9;0;11;2;1;0
777;20131;2013;1;18;1;0;PRIVADO;0;0;1;0.559;15;CONCURSO ORDINARIO DE ADMISION;VILLA MARIA DEL TRIUNFO;LIMA;LIMA;14.034;17;17;13;11;13;16;12;12;1
780;20131;2013;1;17;1;0;PRIVADO RELIGIOSO;0;0;1;0.297;13;CONCURSO ORDINARIO DE ADMISION;COMAS;LIMA;LIMA;19.827;13;12;11;11;13;12;2;6;0
781;20131;2013;1;18;1;0;PRIVADO;0;0;1;0.399;15;CONCURSO ORDINARIO DE ADMISION;LA PERLA;CALLAO;CALLAO;18.679;15;12;13;15;14;14;8;9;0
782;20131;2013;1;22;1;0;PRIVADO;0;0;1;0.289;13;CONCURSO ORDINARIO DE ADMISION;LOS OLIVOS;LIMA;LIMA;22.2;12;14;10;11;14;14;3;3;0
783;20131;2013;1;19;1;0;PRE-UNIVERSITARIO;0;1;1;0.227;14;CONCURSO ORDINARIO DE ADMISION;ATE;LIMA;LIMA;5.733;11;13;9;9;11;11;0;3;0
784;20131;2013;1;19;1;0;PRE-UNIVERSITARIO;0;1;1;0.474;14;CONCURSO ORDINARIO DE ADMISION;SAN JUAN DE MIRAFLORES;LIMA;LIMA;13.048;15;14;9;13;13;13;16;12;0
785;20131;2013;1;17;0;0;PRE-UNIVERSITARIO;1;1;1;0.47;15;CONCURSO ORDINARIO DE ADMISION;LA MOLINA;LIMA;LIMA;0.909;15;17;17;15;16;17;17;16;1
787;20131;2013;1;16;0;0;ESTATAL;0;0;0;0.538;15;CONCURSO ORDINARIO DE ADMISION;SAN MARTIN DE PORRES;LIMA;LIMA;18.133;17;16;18;15;16;17;19;18;1
788;20131;2013;1;21;0;0;PRE-UNIVERSITARIO;0;1;1;0.653;14;CONCURSO ORDINARIO DE ADMISION;ATE;LIMA;LIMA;9.685;14;18;11;17;15;14;6;7;0
789;20131;2013;1;18;1;0;ESTATAL;0;0;0;0.355;13;CONCURSO ORDINARIO DE ADMISION;SANTIAGO DE SURCO;LIMA;LIMA;8.797;13;12;14;13;13;12;6;9;0
790;20131;2013;1;18;1;0;PRE-UNIVERSITARIO;0;1;1;0.512;13;CONCURSO ORDINARIO DE ADMISION;ATE;LIMA;LIMA;7.632;15;15;15;17;15;14;19;18;1
791;20131;2013;1;20;1;0;PRE-UNIVERSITARIO;1;1;1;0.211;14;CONCURSO ORDINARIO DE ADMISION;SANTA ANITA;LIMA;LIMA;3.306;13;12;7;13;12;8;1;4;0
793;20131;2013;1;18;1;0;PRE-UNIVERSITARIO;0;1;1;0.352;14;CONCURSO ORDINARIO DE ADMISION;SAN JUAN DE MIRAFLORES;LIMA;LIMA;11.519;15;11;10;9;13;11;10;8;0
794;20131;2013;1;17;1;0;PRE-UNIVERSITARIO;1;1;1;0.474;14;CONCURSO ORDINARIO DE ADMISION;VILLA EL SALVADOR;LIMA;LIMA;14.033;14;14;10;15;13;10;18;15;0
795;20131;2013;1;18;1;0;NO ESCOLARIZADO;0;0;0;0.552;13;CONCURSO ORDINARIO DE ADMISION;SANTIAGO DE SURCO;LIMA;LIMA;17.003;14;18;11;12;14;11;10;11;0
796;20131;2013;1;17;1;0;PRIVADO;0;0;1;0.224;13;CONCURSO ORDINARIO DE ADMISION;SAN JUAN DE MIRAFLORES;LIMA;LIMA;12.009;12;12;12;11;13;15;10;6;0
798;20131;2013;1;16;1;0;PRIVADO;0;0;1;0.218;13;CONCURSO ORDINARIO DE ADMISION;ATE;LIMA;LIMA;4.004;13;17;11;14;11;11;2;6;0
799;20131;2013;1;16;1;1;PRIVADO;0;0;1;0.346;13;CONCURSO ORDINARIO DE ADMISION;GROCIO PRADO;CHINCHA;ICA;11;14;14;12;15;13;12;12;12;1
800;20131;2013;1;17;1;0;PRE-UNIVERSITARIO;0;1;1;0.484;13;CONCURSO ORDINARIO DE ADMISION;SAN JUAN DE LURIGANCHO;LIMA;LIMA;10.916;16;20;16;16;14;15;17;15;1
801;20131;2013;1;20;1;0;PRIVADO;0;0;1;0.342;14;CONCURSO ORDINARIO DE ADMISION;LA MOLINA;LIMA;LIMA;0.55;11;0;8;9;13;11;2;4;0
802;20131;2013;1;23;1;0;PRIVADO;1;0;1;0.3482;12;EXONERADO CENTRO PREUNIVERSITARIO;SAN BORJA;LIMA;LIMA;8.145;16;11;15;16;14;13;17;12;1
803;20131;2013;1;18;1;0;PRE-UNIVERSITARIO;0;1;1;0.3396;13;EXONERADO CENTRO PREUNIVERSITARIO;SANTA ANITA;LIMA;LIMA;4.378;11;14;7;14;13;7;11;7;0
804;20131;2013;1;20;1;0;PRIVADO;0;0;1;0.3266;13;EXONERADO CENTRO PREUNIVERSITARIO;SAN LUIS;LIMA;LIMA;5.977;13;11;13;15;13;13;2;10;0
806;20131;2013;1;17;0;0;PRIVADO;0;0;1;0.2526;14;EXONERADO CENTRO PREUNIVERSITARIO;CHORRILLOS;LIMA;LIMA;14.717;12;12;12;12;13;13;9;7;0
807;20131;2013;1;17;1;0;PRIVADO;0;0;1;0.47;14;EXONERADO POR CONVENIO DE EXCELENCIA;EL AGUSTINO;LIMA;LIMA;5.249;11;13;12;13;14;13;11;14;1
809;20131;2013;1;17;1;0;PRE-UNIVERSITARIO;0;1;1;0.33;13;EXONERADO POR CONVENIO DE EXCELENCIA;PUEBLO LIBRE;LIMA;LIMA;14.168;14;14;13;12;14;16;8;10;0
810;20131;2013;1;16;0;0;PRIVADO RELIGIOSO;0;0;1;0.482857143;13;EXONERADO POR CONVENIO DE EXCELENCIA;SAN MARTIN DE PORRES;LIMA;LIMA;16.703;16;14;17;18;16;14;12;14;1
811;20131;2013;1;17;1;0;PRIVADO RELIGIOSO;1;0;1;0.364285714;15;EXONERADO POR CONVENIO DE EXCELENCIA;SANTIAGO DE SURCO;LIMA;LIMA;10.414;12;12;13;15;11;13;10;8;0
812;20131;2013;1;17;1;0;PRE-UNIVERSITARIO;0;1;1;0.327142857;14;EXONERADO POR CONVENIO DE EXCELENCIA;PUEBLO LIBRE;LIMA;LIMA;14.218;13;0;12;12;11;12;0;1;0
814;20131;2013;1;16;1;0;PRIVADO;0;0;1;0.25018;15;EXONERADO POR PRIMERA ALTERNATIVA;MIRAFLORES;LIMA;LIMA;9.278;13;11;13;13;13;16;9;8;0
815;20131;2013;1;17;1;0;PRE-UNIVERSITARIO;0;1;1;0.42712;13;EXONERADO POR PRIMERA ALTERNATIVA;ATE;LIMA;LIMA;2.758;14;13;15;13;14;14;7;6;0
816;20131;2013;1;16;0;0;PRE-UNIVERSITARIO;1;1;1;0.42734;13;EXONERADO POR PRIMERA ALTERNATIVA;LA MOLINA;LIMA;LIMA;0.525;17;13;14;15;15;12;12;10;0
818;20131;2013;1;16;1;0;PRIVADO RELIGIOSO;0;0;1;0.04404;12;EXONERADO POR PRIMERA ALTERNATIVA;LA VICTORIA;LIMA;LIMA;7.893;14;15;15;13;13;14;14;12;1
819;20131;2013;1;17;1;0;PRE-UNIVERSITARIO;0;1;1;0.45512;15;EXONERADO POR PRIMERA ALTERNATIVA;BELLAVISTA;CALLAO;CALLAO;11.374;14;12;8;15;13;11;12;14;0
820;20131;2013;1;17;0;0;PRE-UNIVERSITARIO;1;1;1;0.32796;15;EXONERADO POR PRIMERA ALTERNATIVA;LURIGANCHO (CHOSICA);LIMA;LIMA;10.426;11;20;14;14;13;11;4;6;0
822;20131;2013;1;16;1;0;PRE-UNIVERSITARIO;1;1;1;0.32349;15;EXONERADO POR PRIMERA ALTERNATIVA;SAN MIGUEL;LIMA;LIMA;16.639;15;15;15;14;14;11;9;12;0
823;20131;2013;1;16;1;0;PRE-UNIVERSITARIO;0;1;1;0.37309;15;EXONERADO POR PRIMERA ALTERNATIVA;SAN MARTIN DE PORRES;LIMA;LIMA;12.936;15;15;15;15;14;13;10;10;0
824;20131;2013;1;16;1;0;PRIVADO;1;0;1;0.42047;13;EXONERADO POR PRIMERA ALTERNATIVA;SAN MIGUEL;LIMA;LIMA;17.277;13;15;16;13;12;11;6;9;0
825;20131;2013;1;16;0;0;PRIVADO;0;0;1;0.54811;13;EXONERADO POR PRIMERA ALTERNATIVA;ATE;LIMA;LIMA;4.817;17;19;17;17;17;15;17;17;1
826;20131;2013;1;16;1;0;PRIVADO;0;0;1;0.34702;15;EXONERADO POR PRIMERA ALTERNATIVA;SANTA ANITA;LIMA;LIMA;5.314;13;14;10;14;12;11;5;8;0
827;20131;2013;1;17;1;0;PRIVADO RELIGIOSO;0;0;1;0.44392;13;EXONERADO POR PRIMERA ALTERNATIVA;LA VICTORIA;LIMA;LIMA;8.362;18;13;15;17;14;14;13;13;1
828;20131;2013;1;16;1;0;PRE-UNIVERSITARIO;0;1;1;0.42138;14;EXONERADO POR PRIMERA ALTERNATIVA;LIMA;LIMA;LIMA;14.04;14;17;15;16;14;15;14;14;1
829;20131;2013;1;16;1;0;PRE-UNIVERSITARIO;0;1;1;0.38851;15;EXONERADO POR PRIMERA ALTERNATIVA;LOS OLIVOS;LIMA;LIMA;18.262;10;14;11;11;12;11;3;7;0
830;20131;2013;1;17;1;0;PRIVADO;0;0;1;0.00397;14;EXONERADO POR PRIMERA ALTERNATIVA;SANTIAGO DE SURCO;LIMA;LIMA;8.261;15;15;14;15;13;12;8;9;0
832;20131;2013;1;16;1;0;PRE-UNIVERSITARIO;0;1;1;0.43887;15;EXONERADO POR PRIMERA ALTERNATIVA;JESUS MARIA;LIMA;LIMA;10.899;17;17;16;14;12;15;14;12;1
835;20131;2013;1;18;1;0;PRIVADO;0;0;1;0.39355;14;EXONERADO POR PRIMERA ALTERNATIVA;SAN MIGUEL;LIMA;LIMA;16.475;7;-1;12;8;12;12;1;2;0
836;20131;2013;1;16;1;1;PRIVADO;0;0;1;0.29942;14;EXONERADO POR PRIMERA ALTERNATIVA;CHANCAY;HUARAL;LIMA;11;8;13;12;14;14;12;4;5;0
837;20131;2013;1;17;1;1;PRIVADO;0;0;1;0.58451;16;EXONERADO POR PRIMERA ALTERNATIVA;CHINCHA ALTA;CHINCHA;ICA;11;15;14;14;14;13;13;10;11;0
838;20131;2013;1;16;0;0;PRE-UNIVERSITARIO;0;1;1;0.51709;14;EXONERADO POR PRIMERA ALTERNATIVA;INDEPENDENCIA;LIMA;LIMA;14.847;16;12;15;18;16;16;15;14;1
840;20131;2013;1;16;1;0;PRE-UNIVERSITARIO;0;1;1;0.47487;14;EXONERADO POR PRIMERA ALTERNATIVA;SAN MARTIN DE PORRES;LIMA;LIMA;16.859;7;0;6;14;11;9;9;8;0
842;20131;2013;1;16;1;0;PRIVADO;0;0;1;0.02335;12;EXONERADO POR PRIMERA ALTERNATIVA;BELLAVISTA;CALLAO;CALLAO;17.078;14;15;11;14;12;11;1;5;0
843;20131;2013;1;17;1;0;PRE-UNIVERSITARIO;0;1;1;0.41691;15;EXONERADO POR PRIMERA ALTERNATIVA;ATE;LIMA;LIMA;8.442;13;15;14;16;14;12;12;11;1
844;20131;2013;1;17;1;0;PRIVADO;0;0;1;0.46302;13;EXONERADO POR PRIMERA ALTERNATIVA;SAN JUAN DE LURIGANCHO;LIMA;LIMA;7.361;14;12;15;12;13;14;12;10;0
845;20131;2013;1;16;1;0;PRE-UNIVERSITARIO;0;1;1;0.40196;14;EXONERADO POR PRIMERA ALTERNATIVA;SAN JUAN DE LURIGANCHO;LIMA;LIMA;7.808;12;14;11;11;11;11;8;5;0
846;20131;2013;1;17;1;0;PRIVADO;0;0;1;0.04124;15;EXONERADO POR PRIMERA ALTERNATIVA;SANTA ANITA;LIMA;LIMA;4.834;15;8;14;12;13;13;10;10;0
847;20131;2013;1;17;1;0;OTROS;0;0;0;0.32992;14;EXONERADO POR PRIMERA ALTERNATIVA;SAN MARTIN DE PORRES;LIMA;LIMA;18.254;16;15;15;18;14;14;19;15;1
848;20131;2013;1;17;1;0;PRIVADO RELIGIOSO;0;0;1;0.02911;16;EXONERADO POR PRIMERA ALTERNATIVA;SURQUILLO;LIMA;LIMA;8.369;16;14;13;16;15;14;9;8;0
849;20131;2013;1;17;1;0;PRIVADO;1;0;1;0.44454;15;EXONERADO POR PRIMERA ALTERNATIVA;SAN MARTIN DE PORRES;LIMA;LIMA;4.057;15;15;16;17;14;14;17;18;1
850;20131;2013;1;18;1;0;PRIVADO;0;0;1;0.02552;15;EXONERADO POR PRIMERA ALTERNATIVA;LIMA;LIMA;LIMA;8.195;13;14;9;14;12;11;5;7;0
851;20131;2013;1;16;1;0;PRIVADO;0;0;1;0.48458;14;EXONERADO POR PRIMERA ALTERNATIVA;PUEBLO LIBRE;LIMA;LIMA;13.433;14;11;11;15;14;12;9;9;0
852;20131;2013;1;17;1;0;PRIVADO RELIGIOSO;0;0;1;0.30687;15;EXONERADO POR PRIMERA ALTERNATIVA;CHORRILLOS;LIMA;LIMA;12.993;6;16;4;7;10;6;1;4;0
853;20131;2013;1;16;1;0;PRIVADO RELIGIOSO;0;0;1;0.49065;13;EXONERADO POR PRIMERA ALTERNATIVA;SAN MIGUEL;LIMA;LIMA;16.329;15;14;16;16;14;14;14;15;1
854;20131;2013;1;16;1;0;PRIVADO;0;0;1;0.43956;15;EXONERADO POR PRIMERA ALTERNATIVA;SURQUILLO;LIMA;LIMA;9.064;15;12;14;15;14;11;14;13;1
856;20131;2013;1;17;1;0;PRE-UNIVERSITARIO;0;1;1;0.46327;13;EXONERADO POR PRIMERA ALTERNATIVA;LOS OLIVOS;LIMA;LIMA;16.211;5;0;6;6;10;8;0;1;0
857;20131;2013;1;16;0;0;PRIVADO;0;0;1;0.44942;16;EXONERADO POR PRIMERA ALTERNATIVA;LA MOLINA;LIMA;LIMA;3.137;16;11;15;15;14;12;11;11;1
858;20131;2013;1;17;1;0;PRIVADO;0;0;1;0.42746;14;EXONERADO POR PRIMERA ALTERNATIVA;SANTIAGO DE SURCO;LIMA;LIMA;4.572;13;15;15;16;15;12;11;11;1
860;20131;2013;1;16;1;0;PRE-UNIVERSITARIO;1;1;1;0.497142857;14;EXONERADO TERCIO SUPERIOR;LIMA;LIMA;LIMA;13.01;14;17;14;16;15;14;10;11;0
875;20132;2013;2;18;1;0;PRIVADO;0;0;1;0.314285714;15;CONCURSO ORDINARIO DE ADMISION;INDEPENDENCIA;LIMA;LIMA;15.667;12;13;13;13;14;13;8;5;0
876;20132;2013;2;21;0;0;PRIVADO;0;0;1;0.261428571;14;CONCURSO ORDINARIO DE ADMISION;MAGDALENA DEL MAR;LIMA;LIMA;13.494;12;17;16;16;17;13;12;10;0
877;20132;2013;2;17;0;0;PRIVADO;0;0;1;0.262857143;15;CONCURSO ORDINARIO DE ADMISION;SAN MARTIN DE PORRES;LIMA;LIMA;17.32;16;0;13;15;14;12;6;8;0
878;20132;2013;2;18;1;0;PRE-UNIVERSITARIO;0;1;1;0.515714286;14;CONCURSO ORDINARIO DE ADMISION;LIMA;LIMA;LIMA;11.431;13;15;11;13;14;13;14;10;0
880;20132;2013;2;25;1;0;PRIVADO;0;0;1;0.4;15;CONCURSO ORDINARIO DE ADMISION;SAN MARTIN DE PORRES;LIMA;LIMA;18.219;18;-1;15;17;17;15;20;18;0
881;20132;2013;2;17;1;0;PRE-UNIVERSITARIO;1;1;1;0.33;15;CONCURSO ORDINARIO DE ADMISION;LA MOLINA;LIMA;LIMA;0.881;12;13;15;15;14;13;12;9;0
882;20132;2013;2;16;1;0;PRIVADO;0;0;1;0.345714286;15;CONCURSO ORDINARIO DE ADMISION;SANTA ANITA;LIMA;LIMA;4.164;16;11;16;16;16;15;18;18;1
883;20132;2013;2;18;1;0;PRE-UNIVERSITARIO;1;1;1;0.41;14;CONCURSO ORDINARIO DE ADMISION;PACHACAMAC;LIMA;LIMA;7.018;12;0;9;15;14;12;10;9;0
884;20132;2013;2;17;0;0;PRE-UNIVERSITARIO;0;1;1;0.371428571;15;CONCURSO ORDINARIO DE ADMISION;ATE;LIMA;LIMA;2.28;11;16;16;14;15;14;15;13;1
885;20132;2013;2;18;1;0;PRIVADO;0;0;1;0.462857143;15;CONCURSO ORDINARIO DE ADMISION;RIMAC;LIMA;LIMA;11.398;15;13;15;15;14;14;15;16;1
886;20132;2013;2;17;1;0;PRIVADO;0;0;1;0.217142857;15;CONCURSO ORDINARIO DE ADMISION;ATE;LIMA;LIMA;3.922;7;14;5;9;11;7;1;1;0
887;20132;2013;2;16;1;0;PRIVADO;0;0;1;0.187142857;15;CONCURSO ORDINARIO DE ADMISION;SAN JUAN DE LURIGANCHO;LIMA;LIMA;9.801;12;16;16;14;14;12;14;12;1
888;20132;2013;2;18;1;0;PRE-UNIVERSITARIO;0;1;1;0.46;13;CONCURSO ORDINARIO DE ADMISION;SAN MIGUEL;LIMA;LIMA;16.475;17;14;15;16;15;15;16;14;1
892;20132;2013;2;20;1;0;ESTATAL RELIGIOSO;0;0;0;0.312857143;14;CONCURSO ORDINARIO DE ADMISION;VILLA MARIA DEL TRIUNFO;LIMA;LIMA;12.373;16;17;14;16;14;13;16;13;1
893;20132;2013;2;17;1;0;ESTATAL RELIGIOSO;0;0;0;0.401428571;15;CONCURSO ORDINARIO DE ADMISION;VENTANILLA;CALLAO;CALLAO;28.423;13;14;11;11;12;12;4;5;0
894;20132;2013;2;18;1;0;PRIVADO;0;0;1;0.322857143;14;CONCURSO ORDINARIO DE ADMISION;ATE;LIMA;LIMA;3.285;8;15;14;12;14;11;3;9;0
895;20132;2013;2;19;1;0;PRIVADO;0;0;1;0.22;14;CONCURSO ORDINARIO DE ADMISION;LIMA;LIMA;LIMA;8.764;13;14;12;14;12;12;5;4;0
896;20132;2013;2;16;1;0;PRE-UNIVERSITARIO;0;1;1;0.302857143;15;CONCURSO ORDINARIO DE ADMISION;CHORRILLOS;LIMA;LIMA;14.163;10;13;10;10;15;11;1;1;0
898;20132;2013;2;17;1;0;PRIVADO;0;0;1;0.518571429;14;CONCURSO ORDINARIO DE ADMISION;SANTA ANITA;LIMA;LIMA;3.258;13;16;12;14;12;11;13;11;1
899;20132;2013;2;18;1;0;ESTATAL;0;0;0;0.312857143;15;CONCURSO ORDINARIO DE ADMISION;CHORRILLOS;LIMA;LIMA;17.542;11;6;11;13;13;10;1;6;0
900;20132;2013;2;20;1;0;PRE-UNIVERSITARIO;0;1;1;0.337142857;14;CONCURSO ORDINARIO DE ADMISION;LIMA;LIMA;LIMA;7.91;12;13;11;15;14;12;11;7;0
901;20132;2013;2;17;1;0;PRE-UNIVERSITARIO;1;1;1;0.344285714;13;CONCURSO ORDINARIO DE ADMISION;RIMAC;LIMA;LIMA;12.683;13;14;10;13;14;12;7;6;0
902;20132;2013;2;17;0;0;PRIVADO;1;0;1;0.288571429;15;CONCURSO ORDINARIO DE ADMISION;SAN MARTIN DE PORRES;LIMA;LIMA;20.598;12;15;10;9;13;9;7;3;0
903;20132;2013;2;17;1;0;PRE-UNIVERSITARIO;0;1;1;0.391428571;15;CONCURSO ORDINARIO DE ADMISION;INDEPENDENCIA;LIMA;LIMA;15.869;15;19;9;14;11;13;7;9;0
904;20132;2013;2;18;1;0;PRIVADO;0;0;1;0.47;14;CONCURSO ORDINARIO DE ADMISION;SAN JUAN DE MIRAFLORES;LIMA;LIMA;9.109;13;13;0;13;14;13;13;12;0
905;20132;2013;2;29;1;1;PRIVADO RELIGIOSO;0;0;1;0.545714286;14;CONCURSO ORDINARIO DE ADMISION;SANTA ANITA;LIMA;LIMA;4.721;16;16;16;16;14;13;18;12;1
906;20132;2013;2;17;1;1;ESTATAL RELIGIOSO;0;0;0;0.422857143;15;CONCURSO ORDINARIO DE ADMISION;RICARDO PALMA;HUAROCHIRI;LIMA;11;11;-1;10;9;14;12;1;2;0
907;20132;2013;2;20;1;0;ESTATAL RELIGIOSO;0;0;0;0.481428571;16;CONCURSO ORDINARIO DE ADMISION;VENTANILLA;CALLAO;CALLAO;35.555;10;8;10;8;11;8;13;10;0
908;20132;2013;2;16;1;0;PRE-UNIVERSITARIO;0;1;1;0.428571429;14;CONCURSO ORDINARIO DE ADMISION;SAN JUAN DE MIRAFLORES;LIMA;LIMA;10.498;15;16;16;14;14;13;14;15;1
909;20132;2013;2;24;1;0;PRIVADO;0;0;1;0.491428571;14;CONCURSO ORDINARIO DE ADMISION;CHACLACAYO;LIMA;LIMA;23.849;16;16;15;14;14;14;12;12;1
910;20132;2013;2;18;1;0;PRIVADO;0;0;1;0.345714286;15;CONCURSO ORDINARIO DE ADMISION;SAN JUAN DE LURIGANCHO;LIMA;LIMA;12.018;3;11;0;0;2;0;0;1;0
911;20132;2013;2;18;1;0;PRIVADO;0;0;1;0.257142857;15;CONCURSO ORDINARIO DE ADMISION;SAN JUAN DE LURIGANCHO;LIMA;LIMA;8.292;15;17;17;13;16;13;15;15;1
912;20132;2013;2;18;0;0;PRE-UNIVERSITARIO;0;1;1;0.215714286;14;CONCURSO ORDINARIO DE ADMISION;SAN MARTIN DE PORRES;LIMA;LIMA;15.826;11;13;14;13;14;12;3;5;0
915;20132;2013;2;17;1;0;PRE-UNIVERSITARIO;1;1;1;0.482857143;15;CONCURSO ORDINARIO DE ADMISION;SANTIAGO DE SURCO;LIMA;LIMA;10.43;17;16;16;14;16;14;13;11;1
916;20132;2013;2;16;1;0;PRIVADO;0;0;1;0.134285714;15;CONCURSO ORDINARIO DE ADMISION;CHORRILLOS;LIMA;LIMA;14.715;14;10;12;11;14;11;10;11;0
917;20132;2013;2;17;1;0;PRIVADO;0;0;1;0.245714286;13;CONCURSO ORDINARIO DE ADMISION;SAN JUAN DE LURIGANCHO;LIMA;LIMA;9.844;12;6;8;12;11;11;4;5;0
918;20132;2013;2;18;1;0;ESTATAL;0;0;0;0.297142857;13;CONCURSO ORDINARIO DE ADMISION;ATE;LIMA;LIMA;6.229;8;14;5;7;10;6;3;3;0
919;20132;2013;2;17;1;0;ESTATAL;0;0;0;0.258571429;13;CONCURSO ORDINARIO DE ADMISION;SAN JUAN DE LURIGANCHO;LIMA;LIMA;7.778;10;13;12;11;12;11;7;5;0
920;20132;2013;2;17;1;0;ESTATAL;0;0;0;0.244285714;15;CONCURSO ORDINARIO DE ADMISION;CHORRILLOS;LIMA;LIMA;13.253;13;12;13;14;16;15;8;7;0
921;20132;2013;2;21;1;0;PRIVADO;0;0;1;0.4;13;CONCURSO ORDINARIO DE ADMISION;SANTA ANITA;LIMA;LIMA;4.824;14;14;15;13;14;14;9;11;0
922;20132;2013;2;18;1;0;PRIVADO;0;0;1;0.28345;15;EXONERADO CENTRO PREUNIVERSITARIO;SAN JUAN DE LURIGANCHO;LIMA;LIMA;6.767;13;0;14;12;15;12;11;9;0
925;20132;2013;2;19;1;0;PRIVADO RELIGIOSO;0;0;1;0.4926;15;EXONERADO CENTRO PREUNIVERSITARIO;BREÑA;LIMA;LIMA;12.307;14;14;13;14;15;11;12;10;0
926;20132;2013;2;17;1;0;ESTATAL;0;0;0;0.337142857;15;EXONERADO TERCIO SUPERIOR;ATE;LIMA;LIMA;6.972;15;17;17;15;15;14;14;11;1
927;20132;2013;2;18;0;0;ESTATAL;0;0;0;0.424285714;15;EXONERADO TERCIO SUPERIOR;ATE;LIMA;LIMA;3.563;18;14;18;16;15;15;15;16;1
